Datetime,C_gauge
2010-12,RG11
2010-12,RG12
2010-11,RG11
2010-11,RG20_25
2011-03,RG11
2011-03,RG20_25
2011-03,RG20_25
2011-03,RG11
2011-03,RG03
2011-03,RG04
2011-03,RG20_25
2011-03,RG20_25
2011-03,RG04
2011-03,RG16
2011-03,RG11
2011-03,RG17
2011-03,RG20_25
2011-03,RG11
2011-03,RG11
2011-03,RG18
2011-03,RG18
2011-03,RG20_25
2011-03,RG11
2011-03,RG20_25
2011-03,RG20_25
2011-03,RG20_25
2011-02,RG20_25
2011-02,RG01
2011-02,RG20_25
2011-02,RG11
2011-02,RG04
2011-02,RG02
2011-02,RG14
2011-02,RG14
2011-02,RG11
2011-02,RG20_25
2011-02,RG09
2011-02,RG09
2011-02,RG07
2011-02,RG07
2011-02,RG18
2011-02,RG01
2011-02,RG03
2011-02,RG11
2011-02,RG04
2011-02,RG01
2011-02,RG11
2011-02,RG01
2011-02,RG07
2011-02,RG20_25
2011-02,RG08
2011-02,RG11
2011-02,RG07
2011-02,RG16
2011-02,RG15
2011-02,RG20_25
2011-02,RG20_25
2011-02,RG20_25
2011-02,RG15
2011-02,RG18
2011-02,RG20_25
2011-02,RG16
2011-02,RG20_25
2011-02,RG09
2011-02,RG03
2011-02,RG20_25
2011-02,RG09
2011-02,RG11
2011-02,RG20_25
2011-02,RG04
2011-02,RG11
2011-02,RG07
2011-02,RG15
2011-02,RG20_25
2011-02,RG09
2011-02,RG09
2011-02,RG16
2011-02,RG15
2011-02,RG20_25
2011-02,RG20_25
2011-02,RG03
2011-02,RG11
2011-02,RG15
2011-02,RG16
2011-02,RG18
2011-02,RG11
2011-02,RG20_25
2011-02,RG20_25
2011-02,RG20_25
2011-02,RG20_25
2011-02,RG03
2011-02,RG03
2011-02,RG11
2011-02,RG14
2011-02,RG20_25
2011-02,RG04
2011-02,RG14
2011-02,RG01
2011-02,RG01
2011-02,RG20_25
2011-02,RG15
2011-02,RG11
2011-02,RG20_25
2011-02,RG11
2011-02,RG20_25
2011-02,RG09
2011-02,RG18
2011-02,RG01
2011-02,RG05
2011-02,RG20_25
2011-02,RG20_25
2011-02,RG20_25
2011-02,RG17
2011-02,RG15
2011-02,RG03
2011-02,RG07
2011-02,RG14
2011-02,RG17
2011-02,RG20_25
2011-02,RG16
2011-02,RG03
2011-02,RG14
2011-02,RG12
2011-02,RG20_25
2011-02,RG20_25
2011-02,RG20_25
2011-02,RG12
2011-02,RG11
2011-02,RG20_25
2011-02,RG20_25
2011-02,RG20_25
2011-02,RG11
2011-02,RG20_25
2011-02,RG07
2011-02,RG20_25
2011-02,RG01
2011-02,RG20_25
2011-02,RG01
2011-02,RG01
2011-02,RG03
2011-02,RG01
2011-02,RG20_25
2011-02,RG20_25
2011-02,RG20_25
2011-02,RG11
2011-02,RG20_25
2011-02,RG15
2011-02,RG02
2011-02,RG03
2011-02,RG07
2011-02,RG14
2011-02,RG11
2011-02,RG20_25
2011-02,RG20_25
2011-02,RG16
2011-02,RG15
2011-02,RG15
2011-02,RG11
2011-02,RG15
2011-02,RG08
2011-02,RG01
2011-02,RG03
2011-02,RG20_25
2011-02,RG04
2011-02,RG07
2011-02,RG08
2011-02,RG02
2011-02,RG04
2011-02,RG20_25
2011-02,RG11
2011-02,RG10_30
2011-02,RG15
2011-02,RG11
2011-02,RG02
2011-02,RG20_25
2011-02,RG17
2011-02,RG09
2011-02,RG12
2011-02,RG09
2011-02,RG15
2011-02,RG03
2011-02,RG11
2011-02,RG04
2011-02,RG18
2011-02,RG18
2011-02,RG11
2011-02,RG11
2011-02,RG17
2011-02,RG11
2011-02,RG20_25
2011-02,RG09
2011-02,RG07
2011-02,RG12
2011-02,RG15
2011-02,RG15
2011-02,RG20_25
2011-02,RG11
2011-02,RG11
2011-02,RG20_25
2011-02,RG04
2011-02,RG08
2011-02,RG20_25
2011-02,RG09
2011-02,RG20_25
2011-02,RG20_25
2011-02,RG15
2011-02,RG20_25
2011-02,RG20_25
2011-02,RG20_25
2011-02,RG01
2011-02,RG11
2011-02,RG18
2011-02,RG03
2011-02,RG20_25
2011-02,RG15
2011-02,RG11
2011-02,RG03
2011-02,RG20_25
2011-02,RG04
2011-02,RG04
2011-02,RG01
2011-02,RG11
2011-02,RG15
2011-02,RG02
2011-02,RG02
2011-02,RG11
2011-02,RG03
2011-02,RG20_25
2011-02,RG20_25
2011-02,RG05
2011-02,RG04
2011-02,RG07
2011-02,RG18
2011-02,RG10_30
2011-02,RG04
2011-02,RG04
2011-02,RG11
2011-02,RG08
2011-02,RG18
2011-02,RG20_25
2011-02,RG20_25
2011-02,RG04
2011-02,RG04
2011-02,RG09
2011-02,RG20_25
2011-02,RG18
2011-02,RG11
2011-02,RG12
2011-02,RG11
2011-02,RG20_25
2011-02,RG03
2011-02,RG20_25
2011-02,RG20_25
2011-02,RG20_25
2011-02,RG20_25
2011-02,RG11
2011-02,RG20_25
2011-02,RG05
2011-02,RG11
2011-02,RG01
2011-02,RG20_25
2011-02,RG17
2011-02,RG11
2011-02,RG18
2011-02,RG04
2011-02,RG11
2011-02,RG11
2011-02,RG04
2011-02,RG04
2011-02,RG10_30
2011-02,RG20_25
2011-02,RG07
2011-02,RG11
2011-02,RG03
2011-02,RG14
2011-02,RG20_25
2011-02,RG08
2011-02,RG11
2011-02,RG20_25
2011-02,RG20_25
2011-02,RG07
2011-02,RG01
2011-02,RG11
2011-02,RG11
2011-02,RG11
2011-02,RG20_25
2011-02,RG10_30
2011-02,RG11
2011-02,RG03
2011-02,RG09
2011-02,RG20_25
2011-02,RG11
2011-02,RG14
2011-02,RG17
2011-02,RG11
2011-02,RG03
2011-02,RG14
2011-02,RG11
2011-02,RG11
2011-02,RG17
2011-02,RG04
2011-02,RG20_25
2011-02,RG20_25
2011-02,RG03
2011-02,RG20_25
2011-02,RG11
2011-02,RG07
2011-02,RG11
2011-02,RG11
2011-02,RG11
2011-02,RG04
2011-02,RG08
2011-02,RG18
2011-02,RG11
2011-02,RG04
2011-02,RG14
2011-02,RG05
2011-02,RG03
2011-02,RG11
2011-02,RG20_25
2011-02,RG03
2011-02,RG11
2011-02,RG20_25
2011-02,RG11
2011-02,RG20_25
2011-02,RG15
2011-02,RG09
2011-02,RG15
2011-02,RG11
2011-02,RG11
2011-02,RG01
2011-02,RG03
2011-02,RG08
2011-02,RG11
2011-02,RG11
2011-02,RG08
2011-02,RG20_25
2011-02,RG20_25
2011-02,RG03
2011-02,RG11
2011-02,RG04
2011-02,RG20_25
2011-02,RG20_25
2011-02,RG20_25
2011-02,RG03
2011-02,RG03
2011-02,RG03
2011-02,RG11
2011-02,RG11
2011-02,RG01
2011-02,RG20_25
2011-02,RG03
2011-02,RG11
2011-02,RG11
2011-02,RG20_25
2011-02,RG20_25
2011-02,RG11
2011-02,RG20_25
2011-02,RG20_25
2011-02,RG20_25
2011-02,RG11
2011-02,RG11
2011-02,RG11
2011-02,RG20_25
2011-02,RG16
2011-02,RG12
2011-02,RG15
2011-02,RG20_25
2011-02,RG10_30
2011-02,RG04
2011-02,RG11
2011-02,RG11
2011-02,RG14
2011-02,RG14
2011-02,RG14
2011-02,RG11
2011-02,RG09
2011-02,RG03
2011-02,RG03
2011-02,RG11
2011-02,RG11
2011-02,RG09
2011-02,RG16
2011-02,RG04
2011-02,RG16
2011-02,RG01
2011-02,RG20_25
2011-02,RG04
2011-02,RG02
2011-02,RG04
2011-02,RG07
2011-02,RG11
2011-02,RG11
2011-02,RG20_25
2011-02,RG20_25
2011-02,RG04
2011-02,RG14
2011-02,RG11
2011-02,RG04
2011-02,RG04
2011-02,RG20_25
2011-02,RG11
2011-02,RG11
2011-02,RG11
2011-02,RG04
2011-02,RG03
2011-02,RG20_25
2011-02,RG18
2011-02,RG20_25
2011-02,RG09
2011-02,RG18
2011-02,RG11
2011-02,RG04
2011-02,RG20_25
2011-02,RG17
2011-02,RG07
2011-02,RG11
2011-02,RG11
2011-02,RG11
2011-02,RG09
2011-02,RG04
2011-02,RG11
2011-02,RG04
2011-02,RG20_25
2011-02,RG11
2011-02,RG16
2011-02,RG20_25
2011-02,RG20_25
2011-02,RG20_25
2011-02,RG15
2011-02,RG11
2011-02,RG20_25
2011-02,RG11
2011-02,RG14
2011-02,RG03
2011-02,RG20_25
2011-02,RG11
2011-02,RG18
2011-02,RG20_25
2011-02,RG20_25
2011-02,RG09
2011-02,RG11
2011-02,RG20_25
2011-02,RG01
2011-02,RG03
2011-02,RG15
2011-02,RG11
2011-02,RG20_25
2011-02,RG08
2011-02,RG02
2011-02,RG03
2011-02,RG16
2011-02,RG20_25
2011-02,RG15
2011-02,RG11
2011-02,RG15
2011-02,RG11
2011-02,RG09
2011-02,RG04
2011-02,RG20_25
2011-02,RG20_25
2011-02,RG03
2011-02,RG09
2011-02,RG01
2011-02,RG11
2011-02,RG11
2011-02,RG18
2011-02,RG20_25
2011-02,RG03
2011-02,RG15
2011-02,RG20_25
2011-02,RG17
2011-02,RG11
2011-02,RG14
2011-02,RG02
2011-02,RG20_25
2011-02,RG20_25
2011-02,RG11
2011-02,RG11
2011-02,RG20_25
2011-02,RG11
2011-02,RG11
2011-02,RG10_30
2011-02,RG09
2011-02,RG17
2011-02,RG20_25
2011-02,RG11
2011-02,RG20_25
2011-02,RG03
2011-02,RG11
2011-02,RG16
2011-02,RG20_25
2011-02,RG20_25
2011-02,RG20_25
2011-02,RG03
2011-02,RG11
2011-02,RG11
2011-02,RG11
2011-02,RG11
2011-02,RG16
2011-02,RG16
2011-02,RG16
2011-02,RG17
2011-02,RG11
2011-02,RG11
2011-02,RG20_25
2011-02,RG10_30
2011-02,RG11
2011-02,RG11
2011-02,RG20_25
2011-02,RG14
2011-02,RG11
2011-02,RG20_25
2011-02,RG11
2011-02,RG18
2011-02,RG11
2011-02,RG04
2011-02,RG20_25
2011-02,RG20_25
2011-02,RG03
2011-02,RG18
2011-02,RG11
2011-02,RG01
2011-02,RG04
2011-02,RG10_30
2011-02,RG11
2011-02,RG03
2011-02,RG20_25
2011-02,RG04
2011-02,RG03
2011-02,RG08
2011-02,RG10_30
2011-02,RG03
2011-02,RG03
2011-02,RG08
2011-02,RG20_25
2011-02,RG02
2011-02,RG04
2011-02,RG20_25
2011-02,RG20_25
2011-02,RG20_25
2011-02,RG11
2011-02,RG14
2011-02,RG03
2011-02,RG20_25
2011-02,RG03
2011-02,RG01
2011-02,RG12
2011-02,RG11
2011-02,RG10_30
2011-02,RG20_25
2011-02,RG20_25
2011-02,RG10_30
2011-02,RG20_25
2011-02,RG10_30
2011-02,RG03
2011-02,RG03
2011-02,RG20_25
2011-02,RG16
2011-02,RG20_25
2011-02,RG11
2011-02,RG20_25
2011-02,RG20_25
2011-02,RG11
2011-02,RG03
2011-02,RG20_25
2011-02,RG03
2011-02,RG20_25
2011-02,RG01
2011-02,RG11
2011-02,RG17
2011-02,RG20_25
2011-02,RG09
2011-02,RG20_25
2011-02,RG20_25
2011-02,RG14
2011-02,RG20_25
2011-02,RG20_25
2011-02,RG02
2011-02,RG11
2011-02,RG20_25
2011-02,RG01
2011-02,RG11
2011-02,RG03
2011-02,RG20_25
2011-02,RG02
2011-02,RG20_25
2011-02,RG03
2011-02,RG20_25
2011-02,RG12
2011-02,RG08
2011-02,RG11
2011-02,RG01
2011-02,RG04
2011-02,RG03
2011-02,RG20_25
2011-02,RG11
2011-02,RG15
2011-02,RG18
2011-02,RG08
2011-02,RG20_25
2011-02,RG04
2011-02,RG11
2011-01,RG20_25
2011-01,RG18
2011-01,RG20_25
2011-01,RG18
2011-01,RG20_25
2011-01,RG02
2011-01,RG20_25
2011-01,RG18
2011-01,RG11
2011-01,RG14
2011-01,RG18
2011-01,RG01
2011-01,RG20_25
2011-01,RG20_25
2011-01,RG07
2011-01,RG09
2011-01,RG10_30
2011-01,RG14
2011-01,RG02
2011-01,RG12
2011-01,RG17
2011-01,RG11
2011-01,RG07
2011-01,RG08
2011-01,RG20_25
2011-01,RG03
2011-01,RG09
2011-01,RG14
2011-01,RG20_25
2011-01,RG04
2011-01,RG04
2011-01,RG20_25
2011-01,RG09
2011-01,RG09
2011-01,RG14
2011-01,RG12
2011-01,RG18
2011-01,RG20_25
2011-01,RG20_25
2011-01,RG05
2011-01,RG20_25
2011-01,RG03
2011-01,RG18
2011-01,RG08
2011-01,RG04
2011-01,RG11
2011-01,RG18
2011-01,RG05
2011-01,RG03
2011-01,RG11
2011-01,RG20_25
2011-01,RG20_25
2011-01,RG12
2011-01,RG10_30
2011-01,RG11
2011-01,RG11
2011-01,RG03
2011-01,RG12
2011-01,RG20_25
2011-01,RG18
2011-01,RG01
2011-01,RG20_25
2011-01,RG09
2011-01,RG04
2011-01,RG11
2011-01,RG17
2011-01,RG17
2011-01,RG20_25
2011-01,RG11
2011-01,RG18
2011-01,RG11
2011-01,RG20_25
2011-01,RG20_25
2011-01,RG18
2011-01,RG03
2011-01,RG20_25
2011-01,RG01
2011-01,RG04
2011-01,RG04
2011-01,RG09
2011-01,RG20_25
2011-01,RG17
2011-01,RG20_25
2011-01,RG09
2011-01,RG01
2011-01,RG01
2011-01,RG02
2011-01,RG03
2011-01,RG03
2011-01,RG09
2011-01,RG05
2011-01,RG20_25
2011-01,RG04
2011-01,RG11
2011-01,RG11
2011-01,RG11
2011-01,RG11
2011-01,RG09
2011-01,RG20_25
2011-01,RG11
2011-01,RG20_25
2011-01,RG20_25
2011-01,RG20_25
2011-01,RG10_30
2011-01,RG20_25
2011-01,RG08
2011-01,RG18
2011-01,RG03
2011-01,RG10_30
2011-01,RG17
2011-01,RG11
2011-01,RG20_25
2011-01,RG11
2011-01,RG11
2011-01,RG11
2011-01,RG14
2011-01,RG01
2011-01,RG02
2011-01,RG01
2011-01,RG01
2011-01,RG03
2011-01,RG11
2011-01,RG20_25
2011-01,RG08
2011-01,RG20_25
2011-01,RG03
2011-01,RG20_25
2011-01,RG09
2011-01,RG20_25
2011-01,RG17
2011-01,RG20_25
2011-01,RG03
2011-01,RG20_25
2011-01,RG20_25
2011-01,RG04
2011-01,RG16
2011-01,RG01
2011-01,RG15
2011-01,RG01
2011-01,RG18
2011-01,RG15
2011-01,RG11
2011-01,RG11
2011-01,RG01
2011-01,RG04
2011-01,RG03
2011-01,RG20_25
2011-01,RG04
2011-01,RG20_25
2011-01,RG20_25
2011-01,RG16
2011-01,RG11
2011-01,RG14
2011-01,RG03
2011-01,RG20_25
2011-01,RG11
2011-01,RG09
2011-01,RG14
2011-01,RG11
2011-01,RG15
2011-01,RG16
2011-01,RG17
2011-01,RG14
2011-01,RG15
2011-01,RG04
2011-01,RG12
2011-01,RG03
2011-01,RG11
2011-01,RG11
2011-01,RG18
2011-01,RG20_25
2011-01,RG04
2011-01,RG20_25
2011-01,RG02
2011-01,RG16
2011-01,RG07
2011-01,RG15
2011-01,RG01
2011-01,RG07
2011-01,RG11
2011-01,RG20_25
2011-01,RG11
2011-01,RG09
2011-01,RG20_25
2011-01,RG08
2011-01,RG18
2011-01,RG18
2011-01,RG02
2011-01,RG20_25
2011-01,RG11
2011-01,RG15
2011-01,RG20_25
2011-01,RG14
2011-01,RG20_25
2011-01,RG20_25
2011-01,RG20_25
2011-01,RG11
2011-01,RG20_25
2011-01,RG17
2011-01,RG12
2011-01,RG20_25
2011-01,RG20_25
2011-01,RG01
2011-01,RG09
2011-01,RG03
2011-01,RG07
2011-01,RG09
2011-01,RG15
2011-01,RG01
2011-01,RG05
2011-01,RG20_25
2011-01,RG20_25
2011-01,RG20_25
2011-01,RG20_25
2011-01,RG03
2011-01,RG11
2011-01,RG03
2011-01,RG20_25
2011-01,RG11
2011-01,RG02
2011-01,RG15
2011-01,RG09
2011-01,RG11
2011-01,RG20_25
2011-01,RG20_25
2011-01,RG11
2011-01,RG07
2011-01,RG20_25
2011-01,RG20_25
2011-01,RG16
2011-01,RG20_25
2011-01,RG03
2011-01,RG05
2011-01,RG20_25
2011-01,RG11
2011-01,RG03
2011-01,RG20_25
2011-01,RG18
2011-01,RG15
2011-01,RG11
2011-01,RG16
2011-01,RG14
2011-01,RG11
2011-01,RG04
2011-01,RG04
2011-01,RG20_25
2011-01,RG20_25
2011-01,RG03
2011-01,RG20_25
2011-01,RG20_25
2011-01,RG20_25
2011-01,RG10_30
2011-01,RG20_25
2011-01,RG09
2011-01,RG20_25
2011-01,RG20_25
2011-01,RG18
2011-01,RG11
2011-01,RG15
2011-01,RG11
2011-01,RG20_25
2011-01,RG15
2011-01,RG11
2011-01,RG09
2011-01,RG11
2011-01,RG14
2011-01,RG03
2011-01,RG20_25
2011-01,RG03
2011-01,RG20_25
2011-01,RG20_25
2011-01,RG09
2011-01,RG03
2011-01,RG03
2011-01,RG11
2011-01,RG04
2011-01,RG11
2011-01,RG20_25
2011-01,RG05
2011-01,RG20_25
2011-01,RG20_25
2011-01,RG03
2011-01,RG14
2011-01,RG11
2011-01,RG03
2011-01,RG16
2011-01,RG15
2011-01,RG12
2011-01,RG11
2011-01,RG11
2011-01,RG04
2011-01,RG09
2011-01,RG20_25
2011-01,RG20_25
2011-01,RG18
2011-01,RG05
2011-01,RG20_25
2011-01,RG20_25
2011-01,RG20_25
2011-01,RG02
2011-01,RG01
2011-01,RG11
2011-01,RG11
2011-01,RG11
2011-01,RG01
2011-01,RG20_25
2011-01,RG01
2011-01,RG14
2011-01,RG11
2011-01,RG15
2011-01,RG18
2011-01,RG15
2011-01,RG15
2011-01,RG04
2011-01,RG15
2011-01,RG09
2011-01,RG20_25
2011-01,RG15
2011-01,RG11
2011-01,RG03
2011-01,RG18
2011-01,RG11
2011-01,RG20_25
2011-01,RG20_25
2011-01,RG18
2011-01,RG09
2011-01,RG15
2011-01,RG11
2011-01,RG04
2011-01,RG03
2011-01,RG20_25
2011-01,RG03
2011-01,RG12
2011-01,RG20_25
2011-01,RG16
2011-01,RG11
2011-01,RG04
2011-01,RG11
2011-01,RG05
2011-01,RG20_25
2011-01,RG11
2011-01,RG20_25
2011-01,RG11
2011-01,RG20_25
2011-01,RG08
2011-01,RG20_25
2011-01,RG10_30
2011-01,RG11
2011-01,RG05
2011-01,RG20_25
2011-01,RG02
2011-01,RG03
2011-01,RG03
2011-01,RG18
2011-01,RG11
2011-01,RG01
2011-01,RG20_25
2011-01,RG03
2011-01,RG03
2011-01,RG03
2011-01,RG03
2011-01,RG04
2011-01,RG03
2011-01,RG18
2011-01,RG02
2011-01,RG04
2011-01,RG20_25
2011-01,RG20_25
2011-01,RG20_25
2011-01,RG18
2011-01,RG18
2011-01,RG04
2011-01,RG11
2011-01,RG14
2011-01,RG03
2011-01,RG03
2011-01,RG20_25
2011-01,RG03
2011-01,RG17
2011-01,RG11
2011-01,RG20_25
2011-01,RG02
2011-01,RG20_25
2011-01,RG11
2011-01,RG08
2011-01,RG20_25
2011-01,RG11
2011-01,RG09
2011-01,RG04
2011-01,RG15
2011-01,RG11
2011-01,RG20_25
2011-01,RG11
2011-01,RG11
2011-01,RG18
2011-01,RG09
2011-01,RG20_25
2011-01,RG11
2011-01,RG14
2011-01,RG11
2011-01,RG01
2011-01,RG11
2011-01,RG03
2011-01,RG20_25
2011-01,RG11
2011-01,RG20_25
2011-01,RG20_25
2011-01,RG15
2011-01,RG04
2011-01,RG11
2011-01,RG20_25
2011-01,RG10_30
2011-01,RG07
2011-01,RG16
2011-01,RG11
2011-01,RG20_25
2011-01,RG02
2011-01,RG01
2011-01,RG11
2011-01,RG20_25
2011-01,RG20_25
2011-01,RG20_25
2011-01,RG20_25
2011-01,RG11
2011-01,RG18
2011-01,RG20_25
2011-01,RG17
2011-01,RG11
2011-01,RG01
2011-01,RG01
2011-01,RG11
2011-01,RG20_25
2011-01,RG11
2011-01,RG20_25
2011-01,RG11
2011-01,RG04
2011-01,RG20_25
2011-01,RG11
2011-01,RG11
2011-01,RG12
2011-01,RG11
2011-01,RG03
2011-01,RG11
2011-01,RG03
2011-01,RG20_25
2011-01,RG15
2011-01,RG20_25
2011-01,RG20_25
2011-01,RG04
2011-01,RG03
2011-01,RG08
2011-01,RG20_25
2011-01,RG09
2011-01,RG15
2011-01,RG20_25
2011-01,RG04
2011-01,RG11
2011-01,RG14
2011-01,RG11
2011-01,RG20_25
2011-01,RG03
2011-01,RG20_25
2011-01,RG08
2011-01,RG01
2011-01,RG18
2011-01,RG15
2011-01,RG09
2011-01,RG20_25
2011-01,RG16
2011-01,RG02
2011-01,RG20_25
2011-01,RG20_25
2011-01,RG11
2011-01,RG20_25
2011-01,RG20_25
2011-01,RG17
2011-01,RG17
2011-01,RG11
2011-01,RG03
2011-01,RG20_25
2011-01,RG09
2011-01,RG20_25
2011-01,RG20_25
2011-01,RG20_25
2011-01,RG20_25
2011-01,RG02
2011-01,RG03
2011-01,RG11
2011-01,RG20_25
2011-01,RG20_25
2011-01,RG12
2011-01,RG20_25
2011-01,RG07
2011-01,RG02
2011-01,RG09
2011-01,RG04
2011-01,RG15
2011-01,RG03
2011-01,RG03
2011-01,RG15
2011-01,RG03
2011-01,RG15
2011-01,RG08
2011-01,RG11
2011-01,RG11
2011-01,RG20_25
2011-01,RG08
2011-01,RG01
2011-01,RG02
2011-01,RG20_25
2011-01,RG11
2011-01,RG10_30
2011-01,RG11
2011-01,RG20_25
2011-01,RG20_25
2011-01,RG03
2011-01,RG10_30
2011-01,RG10_30
2011-01,RG11
2011-01,RG18
2011-01,RG18
2011-01,RG04
2011-01,RG20_25
2011-01,RG03
2011-01,RG17
2011-01,RG11
2011-01,RG09
2011-01,RG20_25
2011-01,RG08
2011-01,RG09
2011-01,RG12
2011-01,RG18
2011-01,RG03
2011-01,RG03
2011-01,RG11
2011-01,RG03
2011-01,RG11
2011-01,RG09
2011-01,RG11
2011-01,RG05
2011-01,RG20_25
2011-01,RG14
2011-01,RG10_30
2011-01,RG03
2011-01,RG17
2011-01,RG10_30
2011-01,RG20_25
2011-01,RG11
2011-01,RG03
2011-01,RG11
2011-01,RG17
2011-01,RG11
2011-01,RG14
2011-01,RG20_25
2011-01,RG11
2011-01,RG20_25
2011-01,RG20_25
2011-01,RG17
2011-01,RG03
2011-01,RG11
2011-01,RG08
2011-01,RG18
2011-01,RG05
2011-01,RG14
2011-01,RG20_25
2011-01,RG20_25
2011-01,RG03
2011-01,RG03
2011-01,RG11
2011-01,RG05
2011-01,RG08
2011-01,RG11
2011-01,RG11
2011-01,RG07
2011-01,RG09
2011-01,RG04
2011-01,RG11
2011-01,RG20_25
2011-01,RG11
2011-01,RG04
2011-01,RG18
2011-01,RG15
2011-01,RG11
2011-01,RG07
2011-01,RG11
2011-01,RG16
2011-01,RG11
2011-01,RG01
2011-01,RG20_25
2011-01,RG04
2011-01,RG14
2011-01,RG01
2011-01,RG07
2011-01,RG18
2011-01,RG01
2011-01,RG15
2011-01,RG14
2011-01,RG02
2011-01,RG15
2011-01,RG11
2011-01,RG09
2011-01,RG11
2011-01,RG11
2011-01,RG01
2011-01,RG03
2011-01,RG16
2011-01,RG15
2011-01,RG09
2011-01,RG08
2011-01,RG01
2011-01,RG17
2011-01,RG05
2011-01,RG07
2011-01,RG03
2011-01,RG04
2011-01,RG16
2011-01,RG11
2011-01,RG20_25
2011-01,RG01
2011-01,RG15
2011-01,RG04
2011-01,RG20_25
2011-01,RG04
2011-01,RG09
2011-01,RG16
2011-01,RG10_30
2011-01,RG05
2011-01,RG04
2011-01,RG20_25
2011-01,RG11
2011-01,RG09
2011-01,RG16
2011-01,RG04
2011-01,RG18
2011-01,RG11
2011-01,RG11
2011-01,RG20_25
2011-01,RG07
2011-01,RG20_25
2011-01,RG10_30
2011-01,RG04
2011-01,RG20_25
2011-01,RG07
2011-01,RG04
2011-01,RG01
2011-01,RG15
2011-01,RG03
2011-01,RG20_25
2011-01,RG04
2011-01,RG03
2011-01,RG20_25
2011-01,RG20_25
2011-01,RG03
2011-01,RG18
2011-01,RG20_25
2010-12,RG15
2010-12,RG18
2010-12,RG11
2010-12,RG15
2010-12,RG05
2010-12,RG20_25
2010-12,RG03
2010-12,RG03
2010-12,RG20_25
2010-12,RG12
2010-12,RG03
2010-12,RG20_25
2010-12,RG20_25
2010-12,RG10_30
2010-12,RG04
2010-12,RG03
2010-12,RG01
2010-12,RG04
2010-12,RG07
2010-12,RG07
2010-12,RG12
2010-12,RG20_25
2010-12,RG20_25
2010-12,RG03
2010-12,RG11
2010-12,RG20_25
2010-12,RG20_25
2010-12,RG03
2010-12,RG20_25
2010-12,RG03
2010-12,RG04
2010-12,RG08
2010-12,RG11
2010-12,RG12
2010-12,RG20_25
2010-12,RG20_25
2010-12,RG15
2010-12,RG20_25
2010-12,RG15
2010-12,RG18
2010-12,RG03
2010-12,RG03
2010-12,RG11
2010-12,RG11
2010-12,RG17
2010-12,RG18
2010-12,RG16
2010-12,RG11
2010-12,RG20_25
2010-12,RG04
2010-12,RG10_30
2010-12,RG07
2010-12,RG04
2010-12,RG11
2010-12,RG18
2010-12,RG08
2010-12,RG20_25
2010-12,RG11
2010-12,RG15
2010-12,RG03
2010-12,RG03
2010-12,RG20_25
2010-12,RG20_25
2010-12,RG11
2010-12,RG11
2010-12,RG11
2010-12,RG04
2010-12,RG15
2010-12,RG20_25
2010-12,RG20_25
2010-12,RG07
2010-12,RG09
2010-12,RG20_25
2010-12,RG15
2010-12,RG20_25
2010-12,RG18
2010-12,RG01
2010-12,RG20_25
2010-12,RG18
2010-12,RG03
2010-12,RG10_30
2010-12,RG20_25
2010-12,RG10_30
2010-12,RG17
2010-12,RG20_25
2010-12,RG20_25
2010-12,RG11
2010-12,RG07
2010-12,RG15
2010-12,RG15
2010-12,RG07
2010-12,RG20_25
2010-12,RG18
2010-12,RG20_25
2010-12,RG20_25
2010-12,RG20_25
2010-12,RG18
2010-12,RG08
2010-12,RG11
2010-12,RG03
2010-12,RG03
2010-12,RG03
2010-12,RG08
2010-12,RG11
2010-12,RG10_30
2010-12,RG02
2010-12,RG03
2010-12,RG11
2010-12,RG20_25
2010-12,RG18
2010-12,RG10_30
2010-12,RG12
2010-12,RG18
2010-12,RG03
2010-12,RG05
2010-12,RG02
2010-12,RG01
2010-12,RG01
2010-12,RG12
2010-12,RG18
2010-12,RG15
2010-12,RG20_25
2010-12,RG11
2010-12,RG20_25
2010-12,RG20_25
2010-12,RG03
2010-12,RG11
2010-12,RG10_30
2010-12,RG04
2010-12,RG20_25
2010-12,RG18
2010-12,RG01
2010-12,RG03
2010-12,RG03
2010-12,RG01
2010-12,RG10_30
2010-12,RG10_30
2010-12,RG09
2010-12,RG01
2010-12,RG05
2010-12,RG10_30
2010-12,RG03
2010-12,RG11
2010-12,RG07
2010-12,RG20_25
2010-12,RG20_25
2010-12,RG15
2010-12,RG20_25
2010-12,RG11
2010-12,RG16
2010-12,RG11
2010-12,RG11
2010-12,RG04
2010-12,RG18
2010-12,RG01
2010-12,RG15
2010-12,RG01
2010-12,RG02
2010-12,RG10_30
2010-12,RG11
2010-12,RG07
2010-12,RG20_25
2010-12,RG01
2010-12,RG07
2010-12,RG20_25
2010-12,RG20_25
2010-12,RG16
2010-12,RG01
2010-12,RG20_25
2010-12,RG04
2010-12,RG03
2010-12,RG20_25
2010-12,RG11
2010-12,RG12
2010-12,RG07
2010-12,RG11
2010-12,RG03
2010-12,RG15
2010-12,RG12
2010-12,RG20_25
2010-12,RG11
2010-12,RG03
2010-12,RG07
2010-12,RG18
2010-12,RG11
2010-12,RG09
2010-12,RG03
2010-12,RG20_25
2010-12,RG11
2010-12,RG11
2010-12,RG04
2010-12,RG11
2010-12,RG14
2010-12,RG11
2010-12,RG05
2010-12,RG20_25
2010-12,RG04
2010-12,RG01
2010-12,RG20_25
2010-12,RG20_25
2010-12,RG11
2010-12,RG16
2010-12,RG05
2010-12,RG18
2010-12,RG18
2010-12,RG16
2010-12,RG20_25
2010-12,RG20_25
2010-12,RG03
2010-12,RG18
2010-12,RG20_25
2010-12,RG03
2010-12,RG01
2010-12,RG04
2010-12,RG20_25
2010-12,RG17
2010-12,RG05
2010-12,RG11
2010-12,RG20_25
2010-12,RG11
2010-12,RG12
2010-12,RG12
2010-12,RG11
2010-12,RG04
2010-12,RG11
2010-12,RG11
2010-12,RG04
2010-12,RG03
2010-12,RG11
2010-12,RG05
2010-12,RG01
2010-12,RG03
2010-12,RG14
2010-12,RG20_25
2010-12,RG09
2010-12,RG09
2010-12,RG03
2010-12,RG20_25
2010-12,RG18
2010-12,RG11
2010-12,RG18
2010-12,RG20_25
2010-12,RG09
2010-12,RG20_25
2010-12,RG20_25
2010-12,RG16
2010-12,RG16
2010-12,RG11
2010-12,RG11
2010-12,RG20_25
2010-12,RG20_25
2010-12,RG05
2010-12,RG11
2010-12,RG03
2010-12,RG01
2010-12,RG11
2010-12,RG02
2010-12,RG07
2010-12,RG18
2010-12,RG15
2010-12,RG11
2010-12,RG18
2010-12,RG11
2010-12,RG11
2010-12,RG08
2010-12,RG12
2010-12,RG08
2010-12,RG12
2010-12,RG09
2010-12,RG16
2010-12,RG07
2010-12,RG20_25
2010-12,RG09
2010-12,RG04
2010-12,RG20_25
2010-12,RG20_25
2010-12,RG03
2010-12,RG03
2010-12,RG20_25
2010-12,RG08
2010-12,RG03
2010-12,RG09
2010-12,RG09
2010-12,RG01
2010-12,RG03
2010-12,RG11
2010-12,RG15
2010-12,RG09
2010-12,RG20_25
2010-12,RG14
2010-12,RG09
2010-12,RG15
2010-12,RG11
2010-12,RG20_25
2010-12,RG09
2010-12,RG20_25
2010-12,RG12
2010-12,RG20_25
2010-12,RG20_25
2010-12,RG20_25
2010-12,RG09
2010-12,RG04
2010-12,RG01
2010-12,RG20_25
2010-12,RG20_25
2010-12,RG20_25
2010-12,RG18
2010-12,RG02
2010-12,RG09
2010-12,RG11
2010-12,RG11
2010-12,RG20_25
2010-12,RG15
2010-12,RG20_25
2010-12,RG17
2010-12,RG15
2010-12,RG15
2010-12,RG20_25
2010-12,RG20_25
2010-12,RG11
2010-12,RG11
2010-12,RG09
2010-12,RG01
2010-12,RG03
2010-12,RG20_25
2010-12,RG20_25
2010-12,RG03
2010-12,RG03
2010-12,RG07
2010-12,RG04
2010-12,RG07
2010-12,RG08
2010-12,RG11
2010-12,RG08
2010-12,RG12
2010-12,RG12
2010-12,RG20_25
2010-12,RG08
2010-12,RG15
2010-12,RG20_25
2010-12,RG07
2010-12,RG11
2010-12,RG17
2010-12,RG20_25
2010-12,RG04
2010-12,RG02
2010-12,RG14
2010-12,RG11
2010-12,RG18
2010-12,RG11
2010-12,RG07
2010-12,RG20_25
2010-12,RG11
2010-12,RG03
2010-12,RG11
2010-12,RG20_25
2010-12,RG20_25
2010-12,RG02
2010-12,RG20_25
2010-12,RG20_25
2010-12,RG09
2010-12,RG11
2010-12,RG12
2010-12,RG20_25
2010-12,RG04
2010-12,RG03
2010-12,RG11
2010-12,RG11
2010-12,RG08
2010-12,RG04
2010-12,RG20_25
2010-12,RG11
2010-12,RG01
2010-12,RG08
2010-12,RG15
2010-12,RG17
2010-12,RG11
2010-12,RG11
2010-12,RG08
2010-12,RG11
2010-12,RG20_25
2010-12,RG11
2010-12,RG08
2010-12,RG11
2010-12,RG11
2010-12,RG05
2010-12,RG08
2010-12,RG20_25
2010-12,RG01
2010-12,RG03
2010-12,RG02
2010-12,RG20_25
2010-12,RG20_25
2010-12,RG20_25
2010-12,RG20_25
2010-12,RG04
2010-12,RG03
2010-12,RG03
2010-12,RG20_25
2010-12,RG11
2010-12,RG03
2010-12,RG11
2010-12,RG04
2010-12,RG18
2010-12,RG11
2010-12,RG20_25
2010-12,RG17
2010-12,RG14
2010-12,RG16
2010-12,RG01
2010-12,RG18
2010-12,RG18
2010-12,RG12
2010-12,RG20_25
2010-12,RG17
2010-12,RG05
2010-12,RG11
2010-12,RG11
2010-12,RG11
2010-12,RG11
2010-12,RG04
2010-12,RG11
2010-12,RG03
2010-12,RG11
2010-12,RG11
2010-12,RG09
2010-12,RG11
2010-12,RG10_30
2010-12,RG14
2010-12,RG09
2010-12,RG20_25
2010-12,RG11
2010-12,RG07
2010-12,RG20_25
2010-12,RG11
2010-12,RG11
2010-12,RG11
2010-12,RG11
2010-12,RG05
2010-12,RG01
2010-12,RG14
2010-12,RG14
2010-12,RG20_25
2010-12,RG16
2010-12,RG03
2010-12,RG04
2010-12,RG20_25
2010-12,RG20_25
2010-12,RG20_25
2010-12,RG08
2010-12,RG20_25
2010-12,RG02
2010-12,RG03
2010-12,RG07
2010-12,RG11
2010-12,RG03
2010-12,RG11
2010-12,RG03
2010-12,RG20_25
2010-12,RG03
2010-12,RG14
2010-12,RG09
2010-12,RG15
2010-12,RG20_25
2010-12,RG20_25
2010-12,RG20_25
2010-12,RG20_25
2010-12,RG11
2010-12,RG11
2010-12,RG20_25
2010-12,RG10_30
2010-12,RG10_30
2010-12,RG01
2010-12,RG16
2010-12,RG03
2010-12,RG18
2010-12,RG14
2010-12,RG20_25
2010-12,RG20_25
2010-12,RG17
2010-12,RG07
2010-12,RG11
2010-12,RG18
2010-12,RG08
2010-12,RG04
2010-12,RG05
2010-12,RG20_25
2010-12,RG08
2010-12,RG03
2010-12,RG04
2010-12,RG18
2010-12,RG18
2010-12,RG11
2010-12,RG09
2010-12,RG18
2010-12,RG04
2010-12,RG11
2010-12,RG08
2010-12,RG20_25
2010-12,RG20_25
2010-12,RG11
2010-12,RG20_25
2010-12,RG11
2010-12,RG04
2010-12,RG05
2010-12,RG10_30
2010-12,RG11
2010-12,RG02
2010-12,RG01
2010-12,RG11
2010-12,RG12
2010-12,RG03
2010-12,RG20_25
2010-12,RG01
2010-12,RG20_25
2010-12,RG11
2010-12,RG01
2010-12,RG15
2010-12,RG10_30
2010-12,RG11
2010-12,RG12
2010-12,RG20_25
2010-12,RG11
2010-12,RG20_25
2010-12,RG08
2010-12,RG11
2010-12,RG09
2010-12,RG20_25
2010-12,RG10_30
2010-12,RG09
2010-12,RG01
2010-12,RG12
2010-12,RG20_25
2010-12,RG08
2010-12,RG20_25
2010-12,RG11
2010-12,RG20_25
2010-12,RG20_25
2010-12,RG04
2010-12,RG20_25
2010-12,RG10_30
2010-12,RG14
2010-12,RG04
2010-12,RG20_25
2010-12,RG11
2010-12,RG05
2010-12,RG04
2010-12,RG10_30
2010-12,RG02
2010-12,RG04
2010-12,RG04
2010-12,RG20_25
2010-12,RG11
2010-12,RG20_25
2010-12,RG08
2010-12,RG08
2010-12,RG04
2010-12,RG14
2010-12,RG20_25
2010-12,RG20_25
2010-12,RG20_25
2010-12,RG20_25
2010-12,RG08
2010-12,RG20_25
2010-12,RG01
2010-12,RG11
2010-12,RG20_25
2010-12,RG11
2010-12,RG04
2010-12,RG14
2010-12,RG03
2010-12,RG02
2010-12,RG15
2010-12,RG18
2010-12,RG20_25
2010-12,RG11
2010-12,RG18
2010-12,RG20_25
2010-12,RG11
2010-12,RG16
2010-12,RG20_25
2010-12,RG20_25
2010-12,RG20_25
2010-12,RG11
2010-12,RG20_25
2010-12,RG20_25
2010-12,RG03
2010-12,RG20_25
2010-12,RG20_25
2010-12,RG14
2010-12,RG03
2010-12,RG07
2010-12,RG17
2010-12,RG04
2010-12,RG11
2010-12,RG11
2010-12,RG09
2010-12,RG03
2010-12,RG16
2010-12,RG02
2010-12,RG02
2010-12,RG11
2010-12,RG11
2010-12,RG08
2010-12,RG12
2010-12,RG02
2010-12,RG20_25
2010-12,RG16
2010-12,RG11
2010-12,RG16
2010-12,RG04
2010-12,RG20_25
2010-12,RG09
2010-12,RG02
2010-12,RG20_25
2010-12,RG17
2010-12,RG04
2010-12,RG20_25
2010-12,RG08
2010-12,RG09
2010-12,RG07
2010-12,RG03
2010-12,RG11
2010-12,RG12
2010-12,RG11
2010-12,RG20_25
2010-12,RG05
2010-12,RG20_25
2010-12,RG20_25
2010-12,RG11
2010-12,RG08
2010-12,RG18
2010-12,RG02
2010-12,RG17
2010-12,RG20_25
2010-12,RG11
2010-12,RG11
2010-12,RG11
2010-12,RG20_25
2010-12,RG20_25
2010-12,RG11
2010-12,RG20_25
2010-12,RG02
2010-12,RG17
2010-11,RG11
2010-11,RG20_25
2010-11,RG20_25
2010-11,RG01
2010-11,RG18
2010-11,RG03
2010-11,RG17
2010-11,RG08
2010-11,RG09
2010-11,RG07
2010-11,RG09
2010-11,RG03
2010-11,RG02
2010-11,RG15
2010-11,RG11
2010-11,RG11
2010-11,RG11
2010-11,RG03
2010-11,RG03
2010-11,RG11
2010-11,RG18
2010-11,RG11
2010-11,RG02
2010-11,RG09
2010-11,RG17
2010-11,RG04
2010-11,RG20_25
2010-11,RG02
2010-11,RG11
2010-11,RG18
2010-11,RG20_25
2010-11,RG18
2010-11,RG10_30
2010-11,RG16
2010-11,RG03
2010-11,RG07
2010-11,RG11
2010-11,RG18
2010-11,RG11
2010-11,RG02
2010-11,RG16
2010-11,RG01
2010-11,RG10_30
2010-11,RG12
2010-11,RG10_30
2010-11,RG14
2010-11,RG20_25
2010-11,RG16
2010-11,RG03
2010-11,RG15
2010-11,RG16
2010-11,RG20_25
2010-11,RG11
2010-11,RG16
2010-11,RG04
2010-11,RG04
2010-11,RG02
2010-11,RG17
2010-11,RG03
2010-11,RG11
2010-11,RG04
2010-11,RG04
2010-11,RG20_25
2010-11,RG04
2010-11,RG20_25
2010-11,RG12
2010-11,RG20_25
2010-11,RG14
2010-11,RG11
2010-11,RG18
2010-11,RG07
2010-11,RG11
2010-11,RG17
2010-11,RG03
2010-11,RG03
2010-11,RG20_25
2010-11,RG10_30
2010-11,RG16
2010-11,RG16
2010-11,RG03
2010-11,RG11
2010-11,RG01
2010-11,RG11
2010-11,RG20_25
2010-11,RG11
2010-11,RG14
2010-11,RG04
2010-11,RG03
2010-11,RG15
2010-11,RG02
2010-11,RG20_25
2010-11,RG20_25
2010-11,RG11
2010-11,RG01
2010-11,RG09
2010-11,RG11
2010-11,RG18
2010-11,RG11
2010-11,RG15
2010-11,RG11
2010-11,RG18
2010-11,RG20_25
2010-11,RG03
2010-11,RG08
2010-11,RG01
2010-11,RG01
2010-11,RG08
2010-11,RG12
2010-11,RG07
2010-11,RG04
2010-11,RG11
2010-11,RG03
2010-11,RG07
2010-11,RG11
2010-11,RG11
2010-11,RG09
2010-11,RG12
2010-11,RG02
2010-11,RG02
2010-11,RG04
2010-11,RG15
2010-11,RG07
2010-11,RG18
2010-11,RG10_30
2010-11,RG01
2010-11,RG04
2010-11,RG04
2010-11,RG15
2010-11,RG20_25
2010-11,RG04
2010-11,RG08
2010-11,RG09
2010-11,RG08
2010-11,RG11
2010-11,RG05
2010-11,RG12
2010-11,RG02
2010-11,RG02
2010-11,RG11
2010-11,RG20_25
2010-11,RG20_25
2010-11,RG04
2010-11,RG11
2010-11,RG15
2010-11,RG04
2010-11,RG04
2010-11,RG11
2010-11,RG15
2010-11,RG08
2010-11,RG20_25
2010-11,RG04
2010-11,RG16
2010-11,RG04
2010-11,RG20_25
2010-11,RG11
2010-11,RG03
2010-11,RG11
2010-11,RG20_25
2010-11,RG17
2010-11,RG11
2010-11,RG15
2010-11,RG03
2010-11,RG16
2010-11,RG20_25
2010-11,RG03
2010-11,RG20_25
2010-11,RG11
2010-11,RG03
2010-11,RG20_25
2010-11,RG15
2010-11,RG20_25
2010-11,RG09
2010-11,RG20_25
2010-11,RG20_25
2010-11,RG14
2010-11,RG11
2010-11,RG02
2010-11,RG10_30
2010-11,RG20_25
2010-11,RG20_25
2010-11,RG11
2010-11,RG04
2010-11,RG04
2010-11,RG09
2010-11,RG03
2010-11,RG05
2010-11,RG20_25
2010-11,RG05
2010-11,RG03
2010-11,RG15
2010-11,RG15
2010-11,RG07
2010-11,RG15
2010-11,RG15
2010-11,RG11
2010-11,RG20_25
2010-11,RG15
2010-11,RG01
2010-11,RG15
2010-11,RG01
2010-11,RG20_25
2010-11,RG11
2010-11,RG18
2010-11,RG20_25
2010-11,RG11
2010-11,RG18
2010-11,RG16
2010-11,RG11
2010-11,RG01
2010-11,RG15
2010-11,RG08
2010-11,RG11
2010-11,RG16
2010-11,RG03
2010-11,RG09
2010-11,RG11
2010-11,RG15
2010-11,RG12
2010-11,RG01
2010-11,RG11
2010-11,RG12
2010-11,RG11
2010-11,RG14
2010-11,RG20_25
2010-11,RG14
2010-11,RG20_25
2010-11,RG01
2010-11,RG20_25
2010-11,RG11
2010-11,RG15
2010-11,RG09
2010-11,RG04
2010-11,RG20_25
2010-11,RG15
2010-11,RG20_25
2010-11,RG20_25
2010-11,RG04
2010-11,RG12
2010-11,RG20_25
2010-11,RG20_25
2010-11,RG20_25
2010-11,RG03
2010-11,RG08
2010-11,RG09
2010-11,RG03
2010-11,RG20_25
2010-11,RG20_25
2010-11,RG20_25
2010-11,RG16
2010-11,RG20_25
2010-11,RG11
2010-11,RG20_25
2010-11,RG03
2010-11,RG15
2010-11,RG03
2010-11,RG11
2010-11,RG11
2010-11,RG11
2010-11,RG04
2010-11,RG20_25
2010-11,RG16
2010-11,RG11
2010-11,RG03
2010-11,RG20_25
2010-11,RG01
2010-11,RG20_25
2010-11,RG11
2010-11,RG20_25
2010-11,RG11
2010-11,RG20_25
2010-11,RG09
2010-11,RG20_25
2010-11,RG16
2010-11,RG03
2010-11,RG16
2010-11,RG01
2010-11,RG04
2010-11,RG16
2010-11,RG20_25
2010-11,RG11
2010-11,RG14
2010-11,RG18
2010-11,RG14
2010-11,RG10_30
2010-11,RG20_25
2010-11,RG11
2010-11,RG14
2010-11,RG03
2010-11,RG01
2010-11,RG03
2010-11,RG03
2010-11,RG14
2010-11,RG11
2010-11,RG09
2010-11,RG16
2010-11,RG08
2010-11,RG03
2010-11,RG16
2010-11,RG07
2010-11,RG20_25
2010-11,RG11
2010-11,RG15
2010-11,RG16
2010-11,RG03
2010-11,RG20_25
2010-11,RG20_25
2010-11,RG08
2010-11,RG11
2010-11,RG01
2010-11,RG04
2010-11,RG04
2010-11,RG08
2010-11,RG04
2010-11,RG01
2010-11,RG11
2010-11,RG08
2010-11,RG04
2010-11,RG11
2010-11,RG11
2010-11,RG20_25
2010-11,RG02
2010-11,RG08
2010-11,RG16
2010-11,RG11
2010-11,RG10_30
2010-11,RG20_25
2010-11,RG14
2010-11,RG11
2010-11,RG18
2010-11,RG09
2010-11,RG09
2010-11,RG12
2010-11,RG20_25
2010-11,RG11
2010-11,RG12
2010-11,RG20_25
2010-11,RG18
2010-11,RG02
2010-11,RG11
2010-11,RG15
2010-11,RG15
2010-11,RG20_25
2010-11,RG04
2010-11,RG20_25
2010-11,RG04
2010-11,RG05
2010-11,RG04
2010-11,RG15
2010-11,RG12
2010-11,RG04
2010-11,RG11
2010-11,RG20_25
2010-11,RG20_25
2010-11,RG08
2010-11,RG20_25
2010-11,RG20_25
2010-11,RG09
2010-11,RG16
2010-11,RG01
2010-11,RG15
2010-11,RG14
2010-11,RG11
2010-11,RG14
2010-11,RG01
2010-11,RG18
2010-11,RG01
2010-11,RG20_25
2010-11,RG11
2010-11,RG18
2010-11,RG05
2010-11,RG20_25
2010-11,RG16
2010-11,RG16
2010-11,RG16
2010-11,RG18
2010-11,RG20_25
2010-11,RG20_25
2010-11,RG03
2010-11,RG20_25
2010-11,RG03
2010-11,RG20_25
2010-11,RG03
2010-11,RG20_25
2010-11,RG11
2010-11,RG15
2010-11,RG20_25
2010-11,RG11
2010-11,RG03
2010-11,RG04
2010-11,RG11
2010-11,RG20_25
2010-11,RG11
2010-11,RG11
2010-11,RG11
2010-11,RG03
2010-11,RG12
2010-11,RG08
2010-11,RG09
2010-11,RG15
2010-11,RG01
2010-11,RG08
2010-11,RG01
2010-11,RG20_25
2010-11,RG11
2010-11,RG20_25
2010-11,RG18
2010-11,RG03
2010-11,RG08
2010-11,RG03
2010-11,RG01
2010-11,RG20_25
2010-11,RG20_25
2010-11,RG03
2010-11,RG20_25
2010-11,RG03
2010-11,RG11
2010-11,RG02
2010-11,RG14
2010-11,RG09
2010-11,RG15
2010-11,RG03
2010-11,RG03
2010-11,RG04
2010-11,RG18
2010-11,RG11
2010-11,RG18
2010-11,RG09
2010-11,RG20_25
2010-11,RG15
2010-11,RG03
2010-11,RG20_25
2010-11,RG11
2010-11,RG20_25
2010-11,RG02
2010-11,RG20_25
2010-11,RG20_25
2010-11,RG02
2010-11,RG11
2010-11,RG20_25
2010-11,RG01
2010-11,RG11
2010-11,RG11
2010-11,RG14
2010-11,RG04
2010-11,RG20_25
2010-11,RG10_30
2010-11,RG08
2010-11,RG18
2010-11,RG11
2010-11,RG11
2010-11,RG09
2010-11,RG20_25
2010-11,RG11
2010-11,RG03
2010-11,RG18
2010-11,RG10_30
2010-11,RG11
2010-11,RG20_25
2010-11,RG20_25
2010-11,RG18
2010-11,RG16
2010-11,RG15
2010-11,RG15
2010-11,RG11
2010-11,RG15
2010-11,RG03
2010-11,RG01
2010-11,RG04
2010-11,RG11
2010-11,RG11
2010-11,RG11
2010-11,RG03
2010-11,RG20_25
2010-11,RG16
2010-11,RG14
2010-11,RG15
2010-11,RG03
2010-11,RG18
2010-11,RG11
2010-11,RG03
2010-11,RG10_30
2010-11,RG03
2010-11,RG11
2010-11,RG11
2010-11,RG15
2010-11,RG20_25
2010-11,RG15
2010-11,RG10_30
2010-11,RG04
2010-11,RG11
2010-11,RG17
2010-11,RG11
2010-11,RG20_25
2010-11,RG01
2010-11,RG09
2010-11,RG04
2010-11,RG15
2010-11,RG04
2010-11,RG09
2010-11,RG14
2010-11,RG09
2010-11,RG14
2010-11,RG01
2010-11,RG18
2010-11,RG07
2010-11,RG16
2010-11,RG20_25
2010-11,RG20_25
2010-11,RG16
2010-11,RG01
2010-11,RG03
2010-11,RG18
2010-11,RG20_25
2010-11,RG20_25
2010-11,RG04
2010-11,RG16
2010-11,RG01
2010-11,RG20_25
2010-11,RG11
2010-11,RG20_25
2010-11,RG18
2010-11,RG20_25
2010-11,RG20_25
2010-11,RG03
2010-11,RG20_25
2010-11,RG16
2010-11,RG11
2010-11,RG10_30
2010-11,RG16
2010-11,RG04
2010-11,RG20_25
2010-11,RG11
2010-11,RG15
2010-11,RG12
2010-11,RG10_30
2010-11,RG01
2010-11,RG11
2010-11,RG11
2010-11,RG04
2010-11,RG01
2010-11,RG11
2010-11,RG03
2010-11,RG12
2010-11,RG04
2010-11,RG03
2010-11,RG20_25
2010-11,RG20_25
2010-11,RG16
2010-11,RG20_25
2010-11,RG07
2010-11,RG01
2010-11,RG20_25
2010-11,RG11
2010-11,RG11
2010-11,RG10_30
2010-11,RG11
2010-11,RG12
2010-11,RG15
2010-11,RG03
2010-11,RG20_25
2010-11,RG08
2010-11,RG03
2010-10,RG11
2010-10,RG20_25
2010-10,RG11
2010-10,RG08
2010-10,RG05
2010-10,RG03
2010-10,RG11
2010-10,RG07
2010-10,RG03
2010-10,RG01
2010-10,RG20_25
2010-10,RG20_25
2010-10,RG08
2010-10,RG11
2010-10,RG11
2010-10,RG05
2010-10,RG01
2010-10,RG20_25
2010-10,RG20_25
2010-10,RG10_30
2010-10,RG20_25
2010-10,RG11
2010-10,RG10_30
2010-10,RG11
2010-10,RG20_25
2010-10,RG18
2010-10,RG11
2010-10,RG04
2010-10,RG03
2010-10,RG18
2010-10,RG11
2010-10,RG04
2010-10,RG03
2010-10,RG12
2010-10,RG09
2010-10,RG11
2010-10,RG09
2010-10,RG11
2010-10,RG15
2010-10,RG10_30
2010-10,RG12
2010-10,RG12
2010-10,RG03
2010-10,RG11
2010-10,RG20_25
2010-10,RG20_25
2010-10,RG09
2010-10,RG03
2010-10,RG20_25
2010-10,RG11
2010-10,RG11
2010-10,RG18
2010-10,RG09
2010-10,RG11
2010-10,RG08
2010-10,RG20_25
2010-10,RG18
2010-10,RG11
2010-10,RG20_25
2010-10,RG04
2010-10,RG09
2010-10,RG10_30
2010-10,RG11
2010-10,RG01
2010-10,RG11
2010-10,RG18
2010-10,RG20_25
2010-10,RG20_25
2010-10,RG20_25
2010-10,RG20_25
2010-10,RG03
2010-10,RG17
2010-10,RG04
2010-10,RG18
2010-10,RG14
2010-10,RG20_25
2010-10,RG11
2010-10,RG11
2010-10,RG05
2010-10,RG11
2010-10,RG20_25
2010-10,RG04
2010-10,RG20_25
2010-10,RG14
2010-10,RG07
2010-10,RG03
2010-10,RG11
2010-10,RG04
2010-10,RG20_25
2010-10,RG20_25
2010-10,RG18
2010-10,RG20_25
2010-10,RG14
2010-10,RG16
2010-10,RG11
2010-10,RG10_30
2010-10,RG20_25
2010-10,RG03
2010-10,RG20_25
2010-10,RG17
2010-10,RG11
2010-10,RG11
2010-10,RG11
2010-10,RG15
2010-10,RG20_25
2010-10,RG11
2010-10,RG20_25
2010-10,RG20_25
2010-10,RG20_25
2010-10,RG11
2010-10,RG03
2010-10,RG07
2010-10,RG18
2010-10,RG03
2010-10,RG18
2010-10,RG04
2010-10,RG03
2010-10,RG03
2010-10,RG03
2010-10,RG03
2010-10,RG14
2010-10,RG11
2010-10,RG11
2010-10,RG08
2010-10,RG20_25
2010-10,RG11
2010-10,RG10_30
2010-10,RG04
2010-10,RG03
2010-10,RG14
2010-10,RG17
2010-10,RG11
2010-10,RG11
2010-10,RG03
2010-10,RG20_25
2010-10,RG20_25
2010-10,RG20_25
2010-10,RG20_25
2010-10,RG08
2010-10,RG20_25
2010-10,RG08
2010-10,RG03
2010-10,RG01
2010-10,RG07
2010-10,RG04
2010-10,RG11
2010-10,RG04
2010-10,RG11
2010-10,RG20_25
2010-10,RG11
2010-10,RG11
2010-10,RG11
2010-10,RG17
2010-10,RG03
2010-10,RG17
2010-10,RG11
2010-10,RG20_25
2010-10,RG03
2010-10,RG11
2010-10,RG03
2010-10,RG11
2010-10,RG02
2010-10,RG09
2010-10,RG20_25
2010-10,RG11
2010-10,RG20_25
2010-10,RG11
2010-10,RG20_25
2010-10,RG20_25
2010-10,RG08
2010-10,RG04
2010-10,RG11
2010-10,RG20_25
2010-10,RG20_25
2010-10,RG20_25
2010-10,RG04
2010-10,RG20_25
2010-10,RG20_25
2010-10,RG11
2010-10,RG03
2010-10,RG20_25
2010-10,RG18
2010-10,RG03
2010-10,RG20_25
2010-10,RG01
2010-10,RG20_25
2010-10,RG11
2010-10,RG09
2010-10,RG20_25
2010-10,RG20_25
2010-10,RG20_25
2010-10,RG10_30
2010-10,RG11
2010-10,RG01
2010-10,RG03
2010-10,RG11
2010-10,RG12
2010-10,RG03
2010-10,RG18
2010-10,RG20_25
2010-10,RG20_25
2010-10,RG01
2010-10,RG03
2010-10,RG03
2010-10,RG11
2010-10,RG18
2010-10,RG04
2010-10,RG11
2010-10,RG20_25
2010-10,RG03
2010-10,RG04
2010-10,RG04
2010-10,RG18
2010-10,RG17
2010-10,RG11
2010-10,RG16
2010-10,RG11
2010-10,RG03
2010-10,RG01
2010-10,RG07
2010-10,RG02
2010-10,RG20_25
2010-10,RG03
2010-10,RG20_25
2010-10,RG20_25
2010-10,RG02
2010-10,RG11
2010-10,RG20_25
2010-10,RG20_25
2010-10,RG02
2010-10,RG11
2010-10,RG20_25
2010-10,RG20_25
2010-10,RG01
2010-10,RG03
2010-10,RG15
2010-10,RG16
2010-10,RG07
2010-10,RG20_25
2010-10,RG17
2010-10,RG20_25
2010-10,RG20_25
2010-10,RG20_25
2010-10,RG20_25
2010-10,RG20_25
2010-10,RG09
2010-10,RG11
2010-10,RG20_25
2010-10,RG20_25
2010-10,RG03
2010-10,RG03
2010-10,RG20_25
2010-10,RG17
2010-10,RG05
2010-10,RG20_25
2010-10,RG11
2010-10,RG11
2010-10,RG03
2010-10,RG12
2010-10,RG07
2010-10,RG03
2010-10,RG09
2010-10,RG12
2010-10,RG11
2010-10,RG10_30
2010-10,RG03
2010-10,RG04
2010-10,RG11
2010-10,RG11
2010-10,RG20_25
2010-10,RG18
2010-10,RG20_25
2010-10,RG10_30
2010-10,RG11
2010-10,RG20_25
2010-10,RG09
2010-10,RG18
2010-10,RG11
2010-10,RG11
2010-10,RG03
2010-10,RG20_25
2010-10,RG20_25
2010-10,RG20_25
2010-10,RG20_25
2010-10,RG11
2010-10,RG18
2010-10,RG18
2010-10,RG20_25
2010-10,RG20_25
2010-10,RG11
2010-10,RG03
2010-10,RG03
2010-10,RG09
2010-10,RG01
2010-10,RG18
2010-10,RG20_25
2010-10,RG20_25
2010-10,RG18
2010-10,RG09
2010-10,RG11
2010-10,RG08
2010-10,RG16
2010-10,RG20_25
2010-10,RG20_25
2010-10,RG18
2010-10,RG20_25
2010-10,RG10_30
2010-10,RG04
2010-10,RG11
2010-10,RG20_25
2010-10,RG12
2010-10,RG10_30
2010-10,RG03
2010-10,RG15
2010-10,RG20_25
2010-10,RG20_25
2010-10,RG11
2010-10,RG15
2010-10,RG18
2010-10,RG11
2010-10,RG11
2010-10,RG18
2010-10,RG11
2010-10,RG20_25
2010-10,RG01
2010-10,RG03
2010-10,RG10_30
2010-10,RG17
2010-10,RG05
2010-10,RG20_25
2010-10,RG20_25
2010-10,RG03
2010-10,RG20_25
2010-10,RG17
2010-10,RG17
2010-10,RG20_25
2010-10,RG04
2010-10,RG20_25
2010-10,RG03
2010-10,RG20_25
2010-10,RG20_25
2010-10,RG03
2010-10,RG20_25
2010-10,RG08
2010-10,RG08
2010-10,RG18
2010-10,RG09
2010-10,RG15
2010-10,RG11
2010-10,RG20_25
2010-10,RG03
2010-10,RG18
2010-10,RG11
2010-10,RG20_25
2010-10,RG11
2010-10,RG04
2010-10,RG12
2010-10,RG17
2010-10,RG15
2010-10,RG04
2010-10,RG03
2010-10,RG11
2010-10,RG20_25
2010-10,RG01
2010-10,RG18
2010-10,RG20_25
2010-10,RG20_25
2010-10,RG17
2010-10,RG16
2010-10,RG03
2010-10,RG05
2010-10,RG20_25
2010-10,RG03
2010-10,RG03
2010-10,RG20_25
2010-10,RG18
2010-10,RG20_25
2010-10,RG03
2010-10,RG15
2010-10,RG10_30
2010-10,RG18
2010-10,RG08
2010-10,RG03
2010-10,RG20_25
2010-10,RG09
2010-10,RG11
2010-10,RG11
2010-10,RG11
2010-10,RG03
2010-10,RG14
2010-10,RG20_25
2010-10,RG14
2010-10,RG09
2010-10,RG01
2010-10,RG03
2010-10,RG20_25
2010-10,RG12
2010-10,RG01
2010-10,RG07
2010-10,RG20_25
2010-10,RG03
2010-10,RG03
2010-10,RG20_25
2010-10,RG09
2010-10,RG03
2010-10,RG10_30
2010-10,RG02
2010-10,RG20_25
2010-10,RG04
2010-10,RG16
2010-10,RG11
2010-10,RG04
2010-10,RG01
2010-10,RG11
2010-10,RG11
2010-10,RG04
2010-10,RG04
2010-10,RG15
2010-10,RG20_25
2010-10,RG08
2010-10,RG08
2010-10,RG03
2010-10,RG15
2010-10,RG20_25
2010-10,RG09
2010-10,RG03
2010-10,RG11
2010-10,RG08
2010-10,RG11
2010-10,RG15
2010-10,RG16
2010-10,RG11
2010-10,RG03
2010-10,RG20_25
2010-10,RG20_25
2010-10,RG11
2010-10,RG14
2010-10,RG07
2010-10,RG17
2010-10,RG11
2010-10,RG11
2010-10,RG16
2010-10,RG15
2010-10,RG09
2010-10,RG03
2010-10,RG11
2010-10,RG20_25
2010-10,RG20_25
2010-10,RG03
2010-10,RG03
2010-10,RG08
2010-10,RG03
2010-10,RG11
2010-10,RG20_25
2010-10,RG14
2010-10,RG11
2010-10,RG11
2010-10,RG20_25
2010-10,RG18
2010-10,RG20_25
2010-10,RG03
2010-10,RG11
2010-10,RG20_25
2010-10,RG17
2010-10,RG03
2010-10,RG11
2010-10,RG18
2010-10,RG03
2010-10,RG18
2010-10,RG03
2010-10,RG03
2010-10,RG03
2010-10,RG11
2010-10,RG10_30
2010-10,RG02
2010-10,RG11
2010-10,RG20_25
2010-10,RG03
2010-10,RG08
2010-10,RG11
2010-10,RG05
2010-10,RG20_25
2010-10,RG04
2010-10,RG09
2010-10,RG03
2010-10,RG03
2010-10,RG20_25
2010-10,RG03
2010-10,RG20_25
2010-10,RG20_25
2010-10,RG07
2010-10,RG04
2010-10,RG20_25
2010-10,RG11
2010-10,RG05
2010-10,RG20_25
2010-10,RG11
2010-10,RG20_25
2010-10,RG20_25
2010-10,RG03
2010-10,RG10_30
2010-10,RG18
2010-10,RG20_25
2010-10,RG12
2010-10,RG11
2010-10,RG03
2010-10,RG20_25
2010-10,RG11
2010-10,RG12
2010-10,RG20_25
2010-10,RG20_25
2010-10,RG07
2010-10,RG11
2010-10,RG17
2010-10,RG14
2010-10,RG20_25
2010-10,RG11
2010-10,RG11
2010-10,RG05
2010-10,RG10_30
2010-10,RG16
2010-10,RG05
2010-10,RG11
2010-10,RG16
2010-10,RG04
2010-10,RG20_25
2010-10,RG18
2010-10,RG20_25
2010-10,RG20_25
2010-10,RG01
2010-10,RG17
2010-10,RG11
2010-10,RG04
2010-10,RG18
2010-10,RG20_25
2010-10,RG11
2010-10,RG03
2010-10,RG05
2010-10,RG03
2010-10,RG05
2010-10,RG14
2010-10,RG11
2010-10,RG04
2010-10,RG12
2010-10,RG12
2010-10,RG20_25
2010-10,RG20_25
2010-10,RG20_25
2010-10,RG11
2010-10,RG03
2010-10,RG20_25
2010-10,RG20_25
2010-10,RG02
2010-10,RG08
2010-10,RG01
2010-10,RG11
2010-10,RG20_25
2010-10,RG07
2010-10,RG03
2010-10,RG11
2010-10,RG01
2010-10,RG11
2010-10,RG03
2010-10,RG09
2010-10,RG11
2010-10,RG11
2010-10,RG15
2010-10,RG11
2010-10,RG11
2010-10,RG11
2010-10,RG16
2010-10,RG14
2010-10,RG07
2010-10,RG20_25
2010-10,RG11
2010-10,RG04
2010-10,RG02
2010-10,RG05
2010-10,RG09
2010-10,RG20_25
2010-10,RG20_25
2010-10,RG04
2010-10,RG11
2010-10,RG09
2010-10,RG03
2010-10,RG01
2010-10,RG03
2010-10,RG04
2010-10,RG11
2010-10,RG20_25
2010-10,RG20_25
2010-10,RG03
2010-10,RG17
2010-10,RG11
2010-10,RG11
2010-10,RG20_25
2010-10,RG20_25
2010-10,RG20_25
2010-10,RG11
2010-10,RG04
2010-10,RG15
2010-10,RG20_25
2010-10,RG20_25
2010-10,RG11
2010-10,RG18
2010-10,RG11
2010-10,RG01
2010-10,RG02
2010-10,RG10_30
2010-10,RG18
2010-10,RG12
2010-10,RG11
2010-10,RG02
2010-10,RG14
2010-10,RG20_25
2010-10,RG14
2010-10,RG20_25
2010-10,RG18
2010-10,RG15
2010-10,RG20_25
2010-10,RG04
2010-10,RG11
2010-10,RG03
2010-10,RG03
2010-10,RG20_25
2010-10,RG03
2010-10,RG10_30
2010-10,RG14
2010-10,RG11
2010-10,RG20_25
2010-10,RG10_30
2010-10,RG20_25
2010-10,RG09
2010-10,RG11
2010-10,RG03
2010-10,RG01
2010-10,RG11
2010-10,RG04
2010-10,RG01
2010-10,RG17
2010-10,RG20_25
2010-10,RG09
2010-10,RG12
2010-10,RG11
2010-10,RG20_25
2010-10,RG07
2010-10,RG20_25
2010-10,RG11
2010-10,RG11
2010-10,RG02
2010-10,RG11
2010-10,RG11
2010-10,RG16
2010-10,RG04
2010-10,RG14
2010-10,RG03
2010-10,RG20_25
2010-10,RG07
2010-10,RG20_25
2010-10,RG08
2010-10,RG18
2010-10,RG03
2010-10,RG10_30
2010-10,RG04
2010-10,RG11
2010-09,RG11
2010-09,RG03
2010-09,RG15
2010-09,RG11
2010-09,RG20_25
2010-09,RG20_25
2010-09,RG03
2010-09,RG02
2010-09,RG04
2010-09,RG20_25
2010-09,RG15
2010-09,RG18
2010-09,RG16
2010-09,RG16
2010-09,RG03
2010-09,RG04
2010-09,RG05
2010-09,RG12
2010-09,RG20_25
2010-09,RG02
2010-09,RG05
2010-09,RG14
2010-09,RG09
2010-09,RG03
2010-09,RG20_25
2010-09,RG09
2010-09,RG01
2010-09,RG16
2010-09,RG04
2010-09,RG10_30
2010-09,RG11
2010-09,RG03
2010-09,RG04
2010-09,RG11
2010-09,RG04
2010-09,RG20_25
2010-09,RG01
2010-09,RG11
2010-09,RG18
2010-09,RG03
2010-09,RG11
2010-09,RG20_25
2010-09,RG14
2010-09,RG03
2010-09,RG11
2010-09,RG03
2010-09,RG03
2010-09,RG14
2010-09,RG01
2010-09,RG01
2010-09,RG14
2010-09,RG20_25
2010-09,RG03
2010-09,RG02
2010-09,RG11
2010-09,RG20_25
2010-09,RG03
2010-09,RG02
2010-09,RG20_25
2010-09,RG02
2010-09,RG11
2010-09,RG20_25
2010-09,RG20_25
2010-09,RG01
2010-09,RG20_25
2010-09,RG03
2010-09,RG20_25
2010-09,RG15
2010-09,RG20_25
2010-09,RG20_25
2010-09,RG08
2010-09,RG20_25
2010-09,RG20_25
2010-09,RG11
2010-09,RG03
2010-09,RG20_25
2010-09,RG20_25
2010-09,RG14
2010-09,RG09
2010-09,RG11
2010-09,RG11
2010-09,RG20_25
2010-09,RG03
2010-09,RG10_30
2010-09,RG17
2010-09,RG15
2010-09,RG20_25
2010-09,RG15
2010-09,RG11
2010-09,RG09
2010-09,RG11
2010-09,RG20_25
2010-09,RG20_25
2010-09,RG01
2010-09,RG20_25
2010-09,RG20_25
2010-09,RG11
2010-09,RG11
2010-09,RG01
2010-09,RG20_25
2010-09,RG20_25
2010-09,RG20_25
2010-09,RG10_30
2010-09,RG08
2010-09,RG11
2010-09,RG01
2010-09,RG20_25
2010-09,RG15
2010-09,RG20_25
2010-09,RG20_25
2010-09,RG11
2010-09,RG17
2010-09,RG01
2010-09,RG20_25
2010-09,RG14
2010-09,RG20_25
2010-09,RG09
2010-09,RG14
2010-09,RG11
2010-09,RG17
2010-09,RG20_25
2010-09,RG18
2010-09,RG11
2010-09,RG20_25
2010-09,RG20_25
2010-09,RG20_25
2010-09,RG20_25
2010-09,RG20_25
2010-09,RG09
2010-09,RG15
2010-09,RG20_25
2010-09,RG14
2010-09,RG20_25
2010-09,RG01
2010-09,RG20_25
2010-09,RG20_25
2010-09,RG18
2010-09,RG11
2010-09,RG20_25
2010-09,RG05
2010-09,RG03
2010-09,RG01
2010-09,RG20_25
2010-09,RG20_25
2010-09,RG18
2010-09,RG03
2010-09,RG20_25
2010-09,RG11
2010-09,RG15
2010-09,RG20_25
2010-09,RG02
2010-09,RG11
2010-09,RG11
2010-09,RG11
2010-09,RG10_30
2010-09,RG11
2010-09,RG07
2010-09,RG07
2010-09,RG04
2010-09,RG11
2010-09,RG02
2010-09,RG11
2010-09,RG18
2010-09,RG20_25
2010-09,RG14
2010-09,RG10_30
2010-09,RG14
2010-09,RG03
2010-09,RG15
2010-09,RG18
2010-09,RG20_25
2010-09,RG20_25
2010-09,RG03
2010-09,RG03
2010-09,RG20_25
2010-09,RG02
2010-09,RG09
2010-09,RG14
2010-09,RG18
2010-09,RG17
2010-09,RG20_25
2010-09,RG20_25
2010-09,RG20_25
2010-09,RG11
2010-09,RG08
2010-09,RG07
2010-09,RG14
2010-09,RG09
2010-09,RG03
2010-09,RG10_30
2010-09,RG03
2010-09,RG14
2010-09,RG03
2010-09,RG02
2010-09,RG20_25
2010-09,RG11
2010-09,RG17
2010-09,RG17
2010-09,RG20_25
2010-09,RG20_25
2010-09,RG11
2010-09,RG14
2010-09,RG03
2010-09,RG16
2010-09,RG20_25
2010-09,RG11
2010-09,RG15
2010-09,RG20_25
2010-09,RG20_25
2010-09,RG11
2010-09,RG11
2010-09,RG03
2010-09,RG07
2010-09,RG12
2010-09,RG20_25
2010-09,RG10_30
2010-09,RG10_30
2010-09,RG20_25
2010-09,RG18
2010-09,RG11
2010-09,RG16
2010-09,RG20_25
2010-09,RG02
2010-09,RG17
2010-09,RG11
2010-09,RG01
2010-09,RG20_25
2010-09,RG20_25
2010-09,RG04
2010-09,RG11
2010-09,RG03
2010-09,RG10_30
2010-09,RG12
2010-09,RG20_25
2010-09,RG20_25
2010-09,RG20_25
2010-09,RG11
2010-09,RG10_30
2010-09,RG18
2010-09,RG03
2010-09,RG20_25
2010-09,RG18
2010-09,RG10_30
2010-09,RG11
2010-09,RG20_25
2010-09,RG03
2010-09,RG11
2010-09,RG09
2010-09,RG20_25
2010-09,RG01
2010-09,RG17
2010-09,RG03
2010-09,RG10_30
2010-09,RG03
2010-09,RG18
2010-09,RG11
2010-09,RG20_25
2010-09,RG14
2010-09,RG05
2010-09,RG20_25
2010-09,RG18
2010-09,RG20_25
2010-09,RG20_25
2010-09,RG20_25
2010-09,RG03
2010-09,RG18
2010-09,RG05
2010-09,RG17
2010-09,RG07
2010-09,RG03
2010-09,RG11
2010-09,RG15
2010-09,RG08
2010-09,RG08
2010-09,RG11
2010-09,RG18
2010-09,RG01
2010-09,RG01
2010-09,RG18
2010-09,RG20_25
2010-09,RG20_25
2010-09,RG03
2010-09,RG11
2010-09,RG01
2010-09,RG08
2010-09,RG11
2010-09,RG20_25
2010-09,RG03
2010-09,RG18
2010-09,RG03
2010-09,RG04
2010-09,RG18
2010-09,RG09
2010-09,RG09
2010-09,RG11
2010-09,RG11
2010-09,RG14
2010-09,RG20_25
2010-09,RG11
2010-09,RG11
2010-09,RG11
2010-09,RG20_25
2010-09,RG20_25
2010-09,RG07
2010-09,RG18
2010-09,RG03
2010-09,RG01
2010-09,RG11
2010-09,RG18
2010-09,RG20_25
2010-09,RG11
2010-09,RG05
2010-09,RG11
2010-09,RG09
2010-09,RG09
2010-09,RG11
2010-09,RG16
2010-09,RG20_25
2010-09,RG07
2010-09,RG09
2010-09,RG20_25
2010-09,RG07
2010-09,RG05
2010-09,RG20_25
2010-09,RG11
2010-09,RG20_25
2010-09,RG10_30
2010-09,RG20_25
2010-09,RG09
2010-09,RG03
2010-09,RG11
2010-09,RG11
2010-09,RG14
2010-09,RG01
2010-09,RG02
2010-09,RG20_25
2010-09,RG20_25
2010-09,RG02
2010-09,RG05
2010-09,RG11
2010-09,RG20_25
2010-09,RG03
2010-09,RG01
2010-09,RG11
2010-09,RG20_25
2010-09,RG20_25
2010-09,RG20_25
2010-09,RG17
2010-09,RG20_25
2010-09,RG09
2010-09,RG11
2010-09,RG11
2010-09,RG11
2010-09,RG01
2010-09,RG04
2010-09,RG17
2010-09,RG20_25
2010-09,RG11
2010-09,RG04
2010-09,RG20_25
2010-09,RG20_25
2010-09,RG08
2010-09,RG11
2010-09,RG20_25
2010-09,RG20_25
2010-09,RG11
2010-09,RG11
2010-09,RG20_25
2010-09,RG12
2010-09,RG14
2010-09,RG12
2010-09,RG04
2010-09,RG03
2010-09,RG20_25
2010-09,RG11
2010-09,RG15
2010-09,RG11
2010-09,RG20_25
2010-09,RG20_25
2010-09,RG15
2010-09,RG11
2010-09,RG07
2010-09,RG18
2010-09,RG12
2010-09,RG08
2010-09,RG18
2010-09,RG03
2010-09,RG03
2010-09,RG03
2010-09,RG11
2010-09,RG20_25
2010-09,RG11
2010-09,RG02
2010-09,RG11
2010-09,RG11
2010-09,RG11
2010-09,RG11
2010-09,RG09
2010-09,RG11
2010-09,RG11
2010-09,RG03
2010-09,RG11
2010-09,RG20_25
2010-09,RG11
2010-09,RG15
2010-09,RG11
2010-09,RG09
2010-09,RG04
2010-09,RG12
2010-09,RG20_25
2010-09,RG09
2010-09,RG11
2010-09,RG11
2010-09,RG11
2010-09,RG16
2010-09,RG20_25
2010-09,RG03
2010-09,RG11
2010-09,RG03
2010-09,RG20_25
2010-09,RG09
2010-09,RG11
2010-09,RG14
2010-09,RG14
2010-09,RG03
2010-09,RG04
2010-09,RG02
2010-09,RG14
2010-09,RG11
2010-09,RG20_25
2010-09,RG11
2010-09,RG03
2010-09,RG03
2010-09,RG01
2010-09,RG20_25
2010-09,RG04
2010-09,RG04
2010-09,RG11
2010-09,RG11
2010-09,RG03
2010-09,RG11
2010-09,RG04
2010-09,RG20_25
2010-09,RG11
2010-09,RG11
2010-09,RG02
2010-09,RG03
2010-09,RG03
2010-09,RG20_25
2010-09,RG20_25
2010-09,RG20_25
2010-09,RG18
2010-09,RG15
2010-09,RG02
2010-09,RG09
2010-09,RG20_25
2010-09,RG11
2010-09,RG20_25
2010-09,RG10_30
2010-09,RG11
2010-09,RG20_25
2010-09,RG14
2010-09,RG12
2010-09,RG20_25
2010-09,RG11
2010-09,RG11
2010-09,RG12
2010-09,RG20_25
2010-09,RG11
2010-09,RG20_25
2010-09,RG11
2010-09,RG11
2010-09,RG01
2010-09,RG12
2010-09,RG11
2010-09,RG07
2010-09,RG10_30
2010-09,RG10_30
2010-09,RG11
2010-09,RG04
2010-09,RG14
2010-09,RG20_25
2010-09,RG20_25
2010-09,RG05
2010-09,RG01
2010-09,RG20_25
2010-09,RG20_25
2010-09,RG11
2010-09,RG20_25
2010-09,RG04
2010-09,RG03
2010-09,RG05
2010-09,RG07
2010-09,RG09
2010-09,RG14
2010-09,RG20_25
2010-09,RG16
2010-09,RG11
2010-09,RG20_25
2010-09,RG20_25
2010-09,RG11
2010-09,RG09
2010-09,RG11
2010-09,RG20_25
2010-09,RG18
2010-09,RG11
2010-09,RG11
2010-09,RG20_25
2010-09,RG11
2010-09,RG11
2010-09,RG04
2010-09,RG08
2010-09,RG11
2010-09,RG03
2010-09,RG15
2010-09,RG05
2010-09,RG11
2010-09,RG05
2010-09,RG03
2010-09,RG11
2010-09,RG03
2010-09,RG20_25
2010-09,RG20_25
2010-09,RG01
2010-09,RG03
2010-09,RG11
2010-09,RG18
2010-09,RG18
2010-09,RG11
2010-09,RG02
2010-09,RG20_25
2010-09,RG05
2010-09,RG20_25
2010-09,RG14
2010-09,RG14
2010-09,RG11
2010-09,RG20_25
2010-09,RG11
2010-09,RG20_25
2010-09,RG17
2010-09,RG04
2010-09,RG20_25
2010-09,RG03
2010-09,RG03
2010-09,RG20_25
2010-09,RG20_25
2010-09,RG11
2010-09,RG20_25
2010-09,RG18
2010-09,RG20_25
2010-09,RG01
2010-09,RG14
2010-09,RG11
2010-09,RG11
2010-09,RG12
2010-09,RG01
2010-09,RG20_25
2010-09,RG03
2010-09,RG20_25
2010-09,RG11
2010-09,RG16
2010-09,RG11
2010-09,RG01
2010-09,RG20_25
2010-09,RG18
2010-09,RG20_25
2010-09,RG15
2010-09,RG15
2010-09,RG20_25
2010-09,RG20_25
2010-09,RG03
2010-09,RG11
2010-09,RG09
2010-09,RG18
2010-09,RG11
2010-09,RG20_25
2010-09,RG11
2010-09,RG01
2010-09,RG07
2010-09,RG20_25
2010-09,RG08
2010-09,RG20_25
2010-09,RG20_25
2010-09,RG20_25
2010-09,RG10_30
2010-09,RG20_25
2010-09,RG20_25
2010-08,RG20_25
2010-08,RG20_25
2010-08,RG15
2010-08,RG09
2010-08,RG20_25
2010-08,RG20_25
2010-08,RG09
2010-08,RG20_25
2010-08,RG20_25
2010-08,RG14
2010-08,RG15
2010-08,RG03
2010-08,RG11
2010-08,RG05
2010-08,RG20_25
2010-08,RG01
2010-08,RG04
2010-08,RG15
2010-08,RG20_25
2010-08,RG03
2010-08,RG20_25
2010-08,RG12
2010-08,RG08
2010-08,RG04
2010-08,RG18
2010-08,RG11
2010-08,RG11
2010-08,RG12
2010-08,RG20_25
2010-08,RG20_25
2010-08,RG20_25
2010-08,RG03
2010-08,RG02
2010-08,RG20_25
2010-08,RG11
2010-08,RG12
2010-08,RG10_30
2010-08,RG20_25
2010-08,RG17
2010-08,RG11
2010-08,RG20_25
2010-08,RG20_25
2010-08,RG10_30
2010-08,RG20_25
2010-08,RG04
2010-08,RG18
2010-08,RG20_25
2010-08,RG10_30
2010-08,RG20_25
2010-08,RG11
2010-08,RG03
2010-08,RG12
2010-08,RG20_25
2010-08,RG01
2010-08,RG11
2010-08,RG11
2010-08,RG04
2010-08,RG02
2010-08,RG18
2010-08,RG20_25
2010-08,RG14
2010-08,RG01
2010-08,RG07
2010-08,RG20_25
2010-08,RG10_30
2010-08,RG12
2010-08,RG07
2010-08,RG18
2010-08,RG01
2010-08,RG11
2010-08,RG04
2010-08,RG11
2010-08,RG20_25
2010-08,RG12
2010-08,RG18
2010-08,RG14
2010-08,RG20_25
2010-08,RG01
2010-08,RG03
2010-08,RG11
2010-08,RG03
2010-08,RG20_25
2010-08,RG20_25
2010-08,RG18
2010-08,RG20_25
2010-08,RG04
2010-08,RG02
2010-08,RG20_25
2010-08,RG10_30
2010-08,RG18
2010-08,RG05
2010-08,RG11
2010-08,RG18
2010-08,RG02
2010-08,RG11
2010-08,RG02
2010-08,RG18
2010-08,RG15
2010-08,RG12
2010-08,RG18
2010-08,RG03
2010-08,RG04
2010-08,RG11
2010-08,RG15
2010-08,RG03
2010-08,RG11
2010-08,RG09
2010-08,RG20_25
2010-08,RG04
2010-08,RG17
2010-08,RG01
2010-08,RG08
2010-08,RG09
2010-08,RG08
2010-08,RG15
2010-08,RG03
2010-08,RG11
2010-08,RG01
2010-08,RG20_25
2010-08,RG04
2010-08,RG11
2010-08,RG12
2010-08,RG01
2010-08,RG08
2010-08,RG01
2010-08,RG11
2010-08,RG20_25
2010-08,RG18
2010-08,RG20_25
2010-08,RG20_25
2010-08,RG20_25
2010-08,RG11
2010-08,RG20_25
2010-08,RG20_25
2010-08,RG11
2010-08,RG17
2010-08,RG20_25
2010-08,RG20_25
2010-08,RG14
2010-08,RG01
2010-08,RG11
2010-08,RG11
2010-08,RG02
2010-08,RG11
2010-08,RG03
2010-08,RG14
2010-08,RG20_25
2010-08,RG20_25
2010-08,RG11
2010-08,RG05
2010-08,RG15
2010-08,RG20_25
2010-08,RG11
2010-08,RG02
2010-08,RG11
2010-08,RG14
2010-08,RG20_25
2010-08,RG11
2010-08,RG09
2010-08,RG01
2010-08,RG14
2010-08,RG07
2010-08,RG03
2010-08,RG14
2010-08,RG11
2010-08,RG04
2010-08,RG01
2010-08,RG20_25
2010-08,RG15
2010-08,RG03
2010-08,RG14
2010-08,RG11
2010-08,RG11
2010-08,RG10_30
2010-08,RG05
2010-08,RG20_25
2010-08,RG14
2010-08,RG20_25
2010-08,RG03
2010-08,RG18
2010-08,RG04
2010-08,RG12
2010-08,RG05
2010-08,RG11
2010-08,RG03
2010-08,RG03
2010-08,RG11
2010-08,RG07
2010-08,RG02
2010-08,RG03
2010-08,RG14
2010-08,RG04
2010-08,RG20_25
2010-08,RG05
2010-08,RG03
2010-08,RG05
2010-08,RG20_25
2010-08,RG02
2010-08,RG03
2010-08,RG03
2010-08,RG12
2010-08,RG11
2010-08,RG15
2010-08,RG18
2010-08,RG14
2010-08,RG14
2010-08,RG04
2010-08,RG11
2010-08,RG11
2010-08,RG03
2010-08,RG03
2010-08,RG04
2010-08,RG03
2010-08,RG11
2010-08,RG20_25
2010-08,RG18
2010-08,RG20_25
2010-08,RG12
2010-08,RG10_30
2010-08,RG18
2010-08,RG14
2010-08,RG18
2010-08,RG15
2010-08,RG03
2010-08,RG08
2010-08,RG17
2010-08,RG20_25
2010-08,RG04
2010-08,RG15
2010-08,RG20_25
2010-08,RG12
2010-08,RG20_25
2010-08,RG08
2010-08,RG18
2010-08,RG04
2010-08,RG03
2010-08,RG15
2010-08,RG20_25
2010-08,RG11
2010-08,RG10_30
2010-08,RG01
2010-08,RG18
2010-08,RG15
2010-08,RG20_25
2010-08,RG08
2010-08,RG03
2010-08,RG01
2010-08,RG20_25
2010-08,RG11
2010-08,RG09
2010-08,RG20_25
2010-08,RG20_25
2010-08,RG03
2010-08,RG11
2010-08,RG09
2010-08,RG14
2010-08,RG01
2010-08,RG11
2010-08,RG14
2010-08,RG11
2010-08,RG04
2010-08,RG05
2010-08,RG15
2010-08,RG04
2010-08,RG02
2010-08,RG04
2010-08,RG03
2010-08,RG11
2010-08,RG20_25
2010-08,RG07
2010-08,RG17
2010-08,RG10_30
2010-08,RG09
2010-08,RG04
2010-08,RG03
2010-08,RG04
2010-08,RG04
2010-08,RG11
2010-08,RG11
2010-08,RG15
2010-08,RG14
2010-08,RG02
2010-08,RG03
2010-08,RG10_30
2010-08,RG04
2010-08,RG18
2010-08,RG02
2010-08,RG15
2010-08,RG10_30
2010-08,RG18
2010-08,RG09
2010-08,RG14
2010-08,RG11
2010-08,RG20_25
2010-08,RG11
2010-08,RG20_25
2010-08,RG18
2010-08,RG20_25
2010-08,RG15
2010-08,RG20_25
2010-08,RG11
2010-08,RG09
2010-08,RG20_25
2010-08,RG20_25
2010-08,RG10_30
2010-08,RG20_25
2010-08,RG03
2010-08,RG08
2010-08,RG11
2010-08,RG09
2010-08,RG20_25
2010-08,RG10_30
2010-08,RG20_25
2010-08,RG01
2010-08,RG04
2010-08,RG03
2010-08,RG03
2010-08,RG03
2010-08,RG11
2010-08,RG08
2010-08,RG03
2010-08,RG18
2010-08,RG20_25
2010-08,RG04
2010-08,RG03
2010-08,RG20_25
2010-08,RG05
2010-08,RG20_25
2010-08,RG20_25
2010-08,RG18
2010-08,RG10_30
2010-08,RG11
2010-08,RG04
2010-08,RG20_25
2010-08,RG20_25
2010-08,RG16
2010-08,RG20_25
2010-08,RG15
2010-08,RG16
2010-08,RG05
2010-08,RG11
2010-08,RG16
2010-08,RG11
2010-08,RG03
2010-08,RG11
2010-08,RG01
2010-08,RG20_25
2010-08,RG02
2010-08,RG16
2010-08,RG11
2010-08,RG18
2010-08,RG20_25
2010-08,RG03
2010-08,RG09
2010-08,RG03
2010-08,RG02
2010-08,RG20_25
2010-08,RG11
2010-08,RG09
2010-08,RG11
2010-08,RG14
2010-08,RG18
2010-08,RG18
2010-08,RG12
2010-08,RG01
2010-08,RG03
2010-08,RG14
2010-08,RG07
2010-08,RG03
2010-08,RG20_25
2010-08,RG20_25
2010-08,RG02
2010-08,RG15
2010-08,RG04
2010-08,RG05
2010-08,RG05
2010-08,RG12
2010-08,RG20_25
2010-08,RG20_25
2010-08,RG15
2010-08,RG15
2010-08,RG05
2010-08,RG03
2010-08,RG05
2010-08,RG09
2010-08,RG09
2010-08,RG20_25
2010-08,RG03
2010-08,RG17
2010-08,RG11
2010-08,RG10_30
2010-08,RG04
2010-08,RG12
2010-08,RG20_25
2010-08,RG11
2010-08,RG05
2010-08,RG11
2010-08,RG11
2010-08,RG20_25
2010-08,RG04
2010-08,RG10_30
2010-08,RG03
2010-08,RG02
2010-08,RG20_25
2010-08,RG07
2010-08,RG12
2010-08,RG03
2010-08,RG20_25
2010-08,RG11
2010-08,RG03
2010-08,RG02
2010-08,RG11
2010-08,RG20_25
2010-08,RG08
2010-08,RG20_25
2010-08,RG03
2010-08,RG02
2010-08,RG03
2010-08,RG14
2010-08,RG09
2010-08,RG03
2010-08,RG20_25
2010-08,RG10_30
2010-08,RG02
2010-08,RG16
2010-08,RG20_25
2010-08,RG04
2010-08,RG20_25
2010-08,RG01
2010-08,RG01
2010-08,RG09
2010-08,RG20_25
2010-08,RG12
2010-08,RG03
2010-08,RG18
2010-08,RG01
2010-08,RG11
2010-08,RG05
2010-08,RG20_25
2010-08,RG05
2010-08,RG03
2010-08,RG01
2010-08,RG01
2010-08,RG20_25
2010-08,RG15
2010-08,RG03
2010-08,RG14
2010-08,RG03
2010-08,RG09
2010-08,RG01
2010-08,RG03
2010-08,RG05
2010-08,RG04
2010-08,RG03
2010-08,RG03
2010-08,RG09
2010-08,RG15
2010-08,RG01
2010-08,RG20_25
2010-08,RG05
2010-08,RG08
2010-08,RG18
2010-08,RG01
2010-08,RG03
2010-08,RG10_30
2010-08,RG03
2010-08,RG18
2010-08,RG09
2010-08,RG18
2010-08,RG20_25
2010-08,RG11
2010-08,RG20_25
2010-08,RG02
2010-08,RG11
2010-08,RG20_25
2010-08,RG17
2010-08,RG04
2010-08,RG11
2010-08,RG09
2010-08,RG12
2010-08,RG20_25
2010-08,RG11
2010-08,RG04
2010-08,RG15
2010-08,RG11
2010-08,RG11
2010-08,RG11
2010-08,RG20_25
2010-08,RG03
2010-08,RG11
2010-08,RG11
2010-08,RG10_30
2010-08,RG11
2010-08,RG11
2010-08,RG14
2010-08,RG01
2010-08,RG20_25
2010-08,RG11
2010-08,RG11
2010-08,RG05
2010-08,RG20_25
2010-08,RG01
2010-08,RG16
2010-08,RG18
2010-08,RG20_25
2010-08,RG11
2010-08,RG11
2010-08,RG11
2010-08,RG20_25
2010-08,RG20_25
2010-08,RG09
2010-08,RG10_30
2010-08,RG03
2010-08,RG11
2010-08,RG09
2010-08,RG15
2010-08,RG11
2010-08,RG11
2010-08,RG02
2010-08,RG11
2010-08,RG20_25
2010-08,RG11
2010-08,RG20_25
2010-08,RG10_30
2010-08,RG05
2010-08,RG17
2010-08,RG20_25
2010-08,RG12
2010-08,RG18
2010-08,RG04
2010-08,RG18
2010-08,RG20_25
2010-08,RG18
2010-08,RG14
2010-08,RG16
2010-08,RG03
2010-08,RG15
2010-08,RG11
2010-08,RG03
2010-08,RG11
2010-08,RG20_25
2010-08,RG20_25
2010-08,RG20_25
2010-08,RG11
2010-08,RG03
2010-08,RG04
2010-08,RG09
2010-08,RG20_25
2010-08,RG20_25
2010-08,RG15
2010-08,RG03
2010-08,RG16
2010-08,RG16
2010-08,RG20_25
2010-08,RG20_25
2010-08,RG15
2010-08,RG20_25
2010-08,RG08
2010-08,RG01
2010-08,RG11
2010-08,RG15
2010-08,RG20_25
2010-08,RG11
2010-08,RG11
2010-08,RG20_25
2010-08,RG11
2010-08,RG11
2010-08,RG20_25
2010-08,RG20_25
2010-08,RG07
2010-08,RG05
2010-08,RG02
2010-08,RG07
2010-07,RG02
2010-07,RG20_25
2010-07,RG20_25
2010-07,RG04
2010-07,RG11
2010-07,RG17
2010-07,RG07
2010-07,RG12
2010-07,RG20_25
2010-07,RG14
2010-07,RG18
2010-07,RG11
2010-07,RG20_25
2010-07,RG01
2010-07,RG20_25
2010-07,RG11
2010-07,RG11
2010-07,RG11
2010-07,RG11
2010-07,RG11
2010-07,RG02
2010-07,RG09
2010-07,RG11
2010-07,RG10_30
2010-07,RG10_30
2010-07,RG03
2010-07,RG04
2010-07,RG12
2010-07,RG01
2010-07,RG11
2010-07,RG17
2010-07,RG03
2010-07,RG15
2010-07,RG20_25
2010-07,RG02
2010-07,RG11
2010-07,RG07
2010-07,RG15
2010-07,RG11
2010-07,RG07
2010-07,RG09
2010-07,RG11
2010-07,RG20_25
2010-07,RG16
2010-07,RG05
2010-07,RG03
2010-07,RG03
2010-07,RG10_30
2010-07,RG11
2010-07,RG08
2010-07,RG12
2010-07,RG20_25
2010-07,RG20_25
2010-07,RG03
2010-07,RG11
2010-07,RG11
2010-07,RG03
2010-07,RG15
2010-07,RG20_25
2010-07,RG20_25
2010-07,RG11
2010-07,RG11
2010-07,RG20_25
2010-07,RG20_25
2010-07,RG16
2010-07,RG20_25
2010-07,RG03
2010-07,RG03
2010-07,RG20_25
2010-07,RG12
2010-07,RG18
2010-07,RG01
2010-07,RG04
2010-07,RG11
2010-07,RG11
2010-07,RG18
2010-07,RG20_25
2010-07,RG20_25
2010-07,RG18
2010-07,RG18
2010-07,RG09
2010-07,RG20_25
2010-07,RG11
2010-07,RG20_25
2010-07,RG18
2010-07,RG04
2010-07,RG04
2010-07,RG20_25
2010-07,RG11
2010-07,RG03
2010-07,RG16
2010-07,RG10_30
2010-07,RG20_25
2010-07,RG03
2010-07,RG11
2010-07,RG14
2010-07,RG01
2010-07,RG12
2010-07,RG03
2010-07,RG20_25
2010-07,RG05
2010-07,RG18
2010-07,RG20_25
2010-07,RG20_25
2010-07,RG04
2010-07,RG11
2010-07,RG20_25
2010-07,RG05
2010-07,RG14
2010-07,RG07
2010-07,RG04
2010-07,RG03
2010-07,RG05
2010-07,RG16
2010-07,RG14
2010-07,RG01
2010-07,RG09
2010-07,RG04
2010-07,RG03
2010-07,RG20_25
2010-07,RG11
2010-07,RG10_30
2010-07,RG17
2010-07,RG17
2010-07,RG11
2010-07,RG18
2010-07,RG04
2010-07,RG18
2010-07,RG04
2010-07,RG03
2010-07,RG04
2010-07,RG01
2010-07,RG14
2010-07,RG11
2010-07,RG11
2010-07,RG01
2010-07,RG16
2010-07,RG20_25
2010-07,RG05
2010-07,RG20_25
2010-07,RG04
2010-07,RG03
2010-07,RG20_25
2010-07,RG03
2010-07,RG03
2010-07,RG14
2010-07,RG11
2010-07,RG14
2010-07,RG20_25
2010-07,RG03
2010-07,RG02
2010-07,RG08
2010-07,RG02
2010-07,RG03
2010-07,RG11
2010-07,RG20_25
2010-07,RG17
2010-07,RG11
2010-07,RG11
2010-07,RG03
2010-07,RG01
2010-07,RG08
2010-07,RG01
2010-07,RG20_25
2010-07,RG11
2010-07,RG11
2010-07,RG15
2010-07,RG08
2010-07,RG11
2010-07,RG09
2010-07,RG20_25
2010-07,RG20_25
2010-07,RG17
2010-07,RG02
2010-07,RG01
2010-07,RG11
2010-07,RG20_25
2010-07,RG14
2010-07,RG15
2010-07,RG18
2010-07,RG03
2010-07,RG11
2010-07,RG20_25
2010-07,RG05
2010-07,RG04
2010-07,RG11
2010-07,RG20_25
2010-07,RG16
2010-07,RG01
2010-07,RG04
2010-07,RG20_25
2010-07,RG20_25
2010-07,RG04
2010-07,RG18
2010-07,RG20_25
2010-07,RG20_25
2010-07,RG03
2010-07,RG11
2010-07,RG18
2010-07,RG11
2010-07,RG03
2010-07,RG05
2010-07,RG03
2010-07,RG15
2010-07,RG20_25
2010-07,RG20_25
2010-07,RG20_25
2010-07,RG11
2010-07,RG03
2010-07,RG09
2010-07,RG17
2010-07,RG03
2010-07,RG09
2010-07,RG16
2010-07,RG07
2010-07,RG03
2010-07,RG20_25
2010-07,RG20_25
2010-07,RG18
2010-07,RG09
2010-07,RG02
2010-07,RG18
2010-07,RG14
2010-07,RG10_30
2010-07,RG20_25
2010-07,RG18
2010-07,RG11
2010-07,RG11
2010-07,RG20_25
2010-07,RG03
2010-07,RG15
2010-07,RG07
2010-07,RG04
2010-07,RG20_25
2010-07,RG11
2010-07,RG11
2010-07,RG16
2010-07,RG04
2010-07,RG20_25
2010-07,RG20_25
2010-07,RG16
2010-07,RG15
2010-07,RG11
2010-07,RG11
2010-07,RG11
2010-07,RG09
2010-07,RG08
2010-07,RG04
2010-07,RG03
2010-07,RG11
2010-07,RG20_25
2010-07,RG18
2010-07,RG03
2010-07,RG11
2010-07,RG14
2010-07,RG15
2010-07,RG10_30
2010-07,RG03
2010-07,RG01
2010-07,RG20_25
2010-07,RG07
2010-07,RG16
2010-07,RG20_25
2010-07,RG03
2010-07,RG03
2010-07,RG11
2010-07,RG15
2010-07,RG05
2010-07,RG03
2010-07,RG20_25
2010-07,RG01
2010-07,RG04
2010-07,RG11
2010-07,RG20_25
2010-07,RG04
2010-07,RG20_25
2010-07,RG20_25
2010-07,RG07
2010-07,RG20_25
2010-07,RG11
2010-07,RG03
2010-07,RG08
2010-07,RG15
2010-07,RG20_25
2010-07,RG01
2010-07,RG03
2010-07,RG11
2010-07,RG04
2010-07,RG03
2010-07,RG20_25
2010-07,RG20_25
2010-07,RG04
2010-07,RG05
2010-07,RG20_25
2010-07,RG18
2010-07,RG04
2010-07,RG11
2010-07,RG11
2010-07,RG20_25
2010-07,RG20_25
2010-07,RG20_25
2010-07,RG03
2010-07,RG16
2010-07,RG10_30
2010-07,RG03
2010-07,RG15
2010-07,RG16
2010-07,RG20_25
2010-07,RG11
2010-07,RG10_30
2010-07,RG03
2010-07,RG09
2010-07,RG20_25
2010-07,RG01
2010-07,RG03
2010-07,RG04
2010-07,RG18
2010-07,RG20_25
2010-07,RG05
2010-07,RG07
2010-07,RG03
2010-07,RG20_25
2010-07,RG11
2010-07,RG11
2010-07,RG01
2010-07,RG01
2010-07,RG02
2010-07,RG03
2010-07,RG20_25
2010-07,RG11
2010-07,RG03
2010-07,RG16
2010-07,RG20_25
2010-07,RG03
2010-07,RG20_25
2010-07,RG16
2010-07,RG04
2010-07,RG10_30
2010-07,RG14
2010-07,RG20_25
2010-07,RG03
2010-07,RG20_25
2010-07,RG20_25
2010-07,RG20_25
2010-07,RG03
2010-07,RG03
2010-07,RG14
2010-07,RG04
2010-07,RG04
2010-07,RG20_25
2010-07,RG10_30
2010-07,RG04
2010-07,RG11
2010-07,RG20_25
2010-07,RG03
2010-07,RG03
2010-07,RG03
2010-07,RG04
2010-07,RG01
2010-07,RG20_25
2010-07,RG03
2010-07,RG20_25
2010-07,RG11
2010-07,RG14
2010-07,RG10_30
2010-07,RG12
2010-07,RG02
2010-07,RG07
2010-07,RG07
2010-07,RG04
2010-07,RG03
2010-07,RG01
2010-07,RG01
2010-07,RG14
2010-07,RG11
2010-07,RG04
2010-07,RG17
2010-07,RG14
2010-07,RG11
2010-07,RG11
2010-07,RG03
2010-07,RG03
2010-07,RG15
2010-07,RG07
2010-07,RG04
2010-07,RG02
2010-07,RG18
2010-07,RG09
2010-07,RG20_25
2010-07,RG11
2010-07,RG08
2010-07,RG15
2010-07,RG09
2010-07,RG11
2010-07,RG03
2010-07,RG03
2010-07,RG11
2010-07,RG20_25
2010-07,RG11
2010-07,RG01
2010-07,RG14
2010-07,RG20_25
2010-07,RG11
2010-07,RG11
2010-07,RG18
2010-07,RG20_25
2010-07,RG10_30
2010-07,RG03
2010-07,RG04
2010-07,RG14
2010-07,RG04
2010-07,RG08
2010-07,RG11
2010-07,RG11
2010-07,RG03
2010-07,RG20_25
2010-07,RG18
2010-07,RG11
2010-07,RG20_25
2010-07,RG01
2010-07,RG20_25
2010-07,RG17
2010-07,RG20_25
2010-07,RG20_25
2010-07,RG11
2010-07,RG11
2010-07,RG20_25
2010-07,RG11
2010-07,RG03
2010-07,RG02
2010-07,RG20_25
2010-07,RG12
2010-07,RG15
2010-07,RG20_25
2010-07,RG01
2010-07,RG20_25
2010-07,RG11
2010-07,RG08
2010-07,RG07
2010-07,RG17
2010-07,RG20_25
2010-07,RG03
2010-07,RG20_25
2010-07,RG20_25
2010-07,RG03
2010-07,RG20_25
2010-07,RG20_25
2010-07,RG03
2010-07,RG20_25
2010-07,RG20_25
2010-07,RG03
2010-07,RG20_25
2010-07,RG20_25
2010-07,RG20_25
2010-07,RG09
2010-07,RG20_25
2010-07,RG18
2010-07,RG01
2010-07,RG14
2010-07,RG20_25
2010-07,RG11
2010-07,RG07
2010-07,RG11
2010-07,RG20_25
2010-07,RG11
2010-07,RG01
2010-07,RG20_25
2010-07,RG20_25
2010-07,RG01
2010-07,RG15
2010-07,RG20_25
2010-07,RG20_25
2010-07,RG20_25
2010-07,RG18
2010-07,RG20_25
2010-07,RG11
2010-07,RG01
2010-07,RG03
2010-07,RG03
2010-07,RG11
2010-07,RG18
2010-07,RG03
2010-07,RG18
2010-07,RG01
2010-07,RG11
2010-07,RG04
2010-07,RG20_25
2010-07,RG05
2010-07,RG03
2010-07,RG03
2010-07,RG14
2010-07,RG20_25
2010-07,RG12
2010-07,RG20_25
2010-07,RG11
2010-07,RG20_25
2010-07,RG09
2010-07,RG04
2010-07,RG11
2010-07,RG14
2010-07,RG15
2010-07,RG12
2010-07,RG20_25
2010-07,RG11
2010-07,RG07
2010-07,RG20_25
2010-07,RG14
2010-07,RG16
2010-07,RG12
2010-07,RG11
2010-07,RG01
2010-07,RG20_25
2010-07,RG20_25
2010-07,RG20_25
2010-07,RG11
2010-07,RG09
2010-07,RG15
2010-07,RG03
2010-07,RG20_25
2010-07,RG11
2010-07,RG20_25
2010-07,RG02
2010-07,RG02
2010-07,RG03
2010-07,RG20_25
2010-07,RG20_25
2010-07,RG12
2010-07,RG16
2010-07,RG20_25
2010-07,RG20_25
2010-07,RG20_25
2010-07,RG17
2010-07,RG20_25
2010-07,RG04
2010-07,RG02
2010-07,RG20_25
2010-07,RG12
2010-07,RG20_25
2010-07,RG20_25
2010-07,RG20_25
2010-07,RG11
2010-07,RG16
2010-07,RG20_25
2010-07,RG03
2010-07,RG20_25
2010-07,RG20_25
2010-07,RG20_25
2010-07,RG08
2010-07,RG04
2010-07,RG14
2010-07,RG15
2010-07,RG17
2010-07,RG20_25
2010-07,RG02
2010-07,RG11
2010-07,RG20_25
2010-07,RG20_25
2010-07,RG03
2010-07,RG01
2010-07,RG11
2010-07,RG20_25
2010-07,RG16
2010-07,RG11
2010-07,RG20_25
2010-07,RG11
2010-07,RG11
2010-07,RG20_25
2010-07,RG11
2010-07,RG04
2010-07,RG10_30
2010-07,RG08
2010-07,RG07
2010-07,RG11
2010-07,RG02
2010-07,RG07
2010-07,RG04
2010-07,RG03
2010-07,RG17
2010-07,RG01
2010-07,RG03
2010-07,RG20_25
2010-07,RG02
2010-07,RG04
2010-07,RG11
2010-07,RG04
2010-07,RG20_25
2010-07,RG02
2010-07,RG15
2010-07,RG20_25
2010-07,RG03
2010-07,RG20_25
2010-07,RG20_25
2010-07,RG20_25
2010-07,RG07
2010-07,RG20_25
2010-07,RG10_30
2010-07,RG15
2010-07,RG16
2010-07,RG20_25
2010-07,RG20_25
2010-07,RG04
2010-07,RG18
2010-07,RG15
2010-07,RG03
2010-07,RG11
2010-07,RG11
2010-07,RG11
2010-07,RG08
2010-07,RG10_30
2010-07,RG20_25
2010-07,RG14
2010-07,RG03
2010-07,RG20_25
2010-07,RG20_25
2010-07,RG04
2010-07,RG10_30
2010-07,RG03
2010-07,RG18
2010-07,RG11
2010-07,RG17
2010-07,RG11
2010-07,RG03
2010-07,RG17
2010-07,RG20_25
2010-07,RG15
2010-07,RG03
2010-07,RG04
2010-07,RG18
2010-07,RG20_25
2010-07,RG15
2010-07,RG03
2010-07,RG11
2010-07,RG07
2010-07,RG20_25
2010-07,RG20_25
2010-07,RG17
2010-07,RG11
2010-07,RG11
2010-07,RG18
2010-07,RG20_25
2010-07,RG03
2010-07,RG08
2010-07,RG11
2010-07,RG10_30
2010-07,RG20_25
2010-07,RG11
2010-07,RG12
2010-07,RG14
2010-07,RG20_25
2010-07,RG20_25
2010-07,RG11
2010-07,RG11
2010-07,RG16
2010-07,RG11
2010-07,RG03
2010-07,RG02
2010-07,RG15
2010-07,RG20_25
2010-07,RG11
2010-07,RG01
2010-07,RG03
2010-07,RG11
2010-07,RG12
2010-07,RG15
2010-07,RG09
2010-07,RG03
2010-07,RG20_25
2010-07,RG03
2010-07,RG01
2010-07,RG11
2010-07,RG10_30
2010-07,RG20_25
2010-07,RG11
2010-07,RG10_30
2010-07,RG07
2010-07,RG10_30
2010-07,RG17
2010-07,RG11
2010-07,RG01
2010-07,RG07
2010-07,RG14
2010-07,RG11
2010-07,RG20_25
2010-07,RG04
2010-07,RG08
2010-07,RG15
2010-07,RG16
2010-07,RG08
2010-07,RG15
2010-07,RG11
2010-07,RG14
2010-07,RG08
2010-07,RG11
2010-07,RG10_30
2010-07,RG05
2010-07,RG11
2010-07,RG09
2010-07,RG18
2010-07,RG16
2010-07,RG04
2010-07,RG04
2010-07,RG11
2010-07,RG20_25
2010-07,RG03
2010-07,RG08
2010-07,RG14
2010-07,RG15
2010-07,RG11
2010-07,RG11
2010-07,RG10_30
2010-07,RG14
2010-07,RG09
2010-07,RG01
2010-07,RG20_25
2010-07,RG03
2010-07,RG07
2010-07,RG03
2010-07,RG18
2010-07,RG18
2010-07,RG03
2010-07,RG17
2010-07,RG15
2010-07,RG10_30
2010-07,RG20_25
2010-07,RG14
2010-07,RG20_25
2010-07,RG20_25
2010-07,RG20_25
2010-07,RG05
2010-07,RG11
2010-07,RG20_25
2010-07,RG20_25
2010-07,RG20_25
2010-07,RG11
2010-07,RG03
2010-07,RG01
2010-07,RG20_25
2010-07,RG09
2010-07,RG20_25
2010-07,RG20_25
2010-07,RG20_25
2010-07,RG17
2010-07,RG20_25
2010-06,RG03
2010-06,RG09
2010-06,RG20_25
2010-06,RG20_25
2010-06,RG12
2010-06,RG20_25
2010-06,RG10_30
2010-06,RG20_25
2010-06,RG11
2010-06,RG15
2010-06,RG11
2010-06,RG11
2010-06,RG14
2010-06,RG11
2010-06,RG20_25
2010-06,RG20_25
2010-06,RG20_25
2010-06,RG01
2010-06,RG20_25
2010-06,RG20_25
2010-06,RG18
2010-06,RG04
2010-06,RG09
2010-06,RG20_25
2010-06,RG20_25
2010-06,RG11
2010-06,RG20_25
2010-06,RG01
2010-06,RG20_25
2010-06,RG11
2010-06,RG11
2010-06,RG15
2010-06,RG11
